id	item_group_title	variant_option	product_highlight	product_detail	material	related_product
WWDR02715_CHERRY	REDOXAL DRESS 100% SILK	color:cherry	Long lingerie-style dress in 100% silk,Jacquard pattern,V-neckline,Lace insert,Short sleeves,Flowing fit	Fit:Model height:176 cm,Fit:Model wears size:S,Composition:Main material:100% silk,Care:Washing:Hand-wash or machine-wash inside out in a mesh laundry bag on a 20°C delicate cycle with a maximum spin speed of 400 rpm,Care:Drying:Air dry flat,Care:Ironing:Iron inside out at a maximum of 110°C	Silk	
WWDR02729_CHERRY	RIDAR DRESS 100% SILK	color:cherry	Mid-length lingerie-style dress in 100% silk,Horse jacquard print,Adjustable straps,Lace detailing at the bust and hem,Flowing cut	Fit:Model height:176 cm,Fit:Model wears size:S,Fit:Sizing advice:This item fits 1 to size. Choose your usual size,Composition:Main material:100% silk,Care:Washing:Hand-wash or machine-wash inside out in a mesh laundry bag on a 20°C delicate cycle with a maximum spin speed of 400 rpm,Care:Drying:Air dry flat,Care:Ironing:Iron inside out at a maximum of 110°C	Silk	
KWCO01553_BLACK	CAMY COAT	color:black	Long wool and cashmere coat,All-over rhinestones,Long sleeves	Fit:Model height:176 cm,Fit:Model wears size:S,Fit:Sizing advice:"This item has a loose fit. For a more fitted look, choose one size down from your usual size",Composition:Main material:"90% wool, 10% cashmere",Care:Washing:Hand-wash or machine-wash on a 20°C wool cycle with a maximum spin speed of 400 rpm,Care:Handling:Do not twist,Care:Drying:Air dry flat,Care:Ironing:"Iron inside out at a maximum of 110°C, avoiding any customised details"	Wool/Cashmere	
WWDR02721_BLACK	RESPAS DRESS 100% SILK	color:black	Short lingerie-style dress in 100% silk,Lace details,Wing embroidery on the back,Adjustable straps,Flowing cut	Fit:Model height:176 cm,Fit:Model wears size:S,Composition:Main material:100% silk,Care:Washing:Hand-wash or machine-wash inside out in a mesh laundry bag on a 20°C delicate cycle with a maximum spin speed of 400 rpm,Care:Drying:Air dry flat,Care:Ironing:Iron inside out at a maximum of 110°C	Silk	
RWOW01281_BLACK	LESSA LEATHER JACKET	color:black	Pony-effect leather jacket,Classic collar,Buttoned fastening,Flap pockets,Long sleeves,Cropped fit	Fit:Model height:176 cm,Fit:Model wears size:S,Fit:Sizing advice:This item fits to size. Choose your usual size,Composition:Main material:100% calfskin,Care:Cleaning:This garment should be cared for by a leather professional	Calfskin	
JWSS01776_BLACK	SWEELA SWEATSHIRT	color:black				
RWOW01288_CHERRY	LESSA LEATHER JACKET	color:cherry	Leather jacket,Pony-effect leopard print,Classic collar,Single-breasted buttoning,Flap pockets,Long sleeves,Embossed ZV logo on the left chest,Cropped fit	Fit:Model height:177 cm,Fit:Model wears size:S,Fit:Sizing advice:This item fits to size. Choose your usual size,Composition:Main material:100% lambskin,Care:Cleaning:This garment should be cared for by a leather professional	Lambskin	often_bought_with:id:JWTS02851_WHITE,accessory:id:LWBA04539_BLACK,often_bought_with:id:RWSK01065_CHERRY,accessory:id:SWCT02173_SAHARA
RWOW01288_BLACK	LESSA LEATHER JACKET	color:black	Leather jacket,Pony-effect leopard print,Classic collar,Single-breasted buttoning,Flap pockets,Long sleeves,Embossed ZV logo on the left chest,Cropped fit	Fit:Model height:177 cm,Fit:Model wears size:S,Fit:Sizing advice:This item fits to size. Choose your usual size,Composition:Main material:100% lambskin,Care:Cleaning:This garment should be cared for by a leather professional	Lambskin	often_bought_with:id:LWBT01362_BLACK,accessory:id:SWCT02150_COGNAC,often_bought_with:id:WWTO02043_JUDO
WWDR02700_BLACK	RISTY DRESS	color:black	Mid-length lingerie-style dress,Zebra print,Lace details,V-neckline,Thin adjustable straps,Flowing cut,This,French lace was made by Sophie,Hallette exclusively for Zadig&Voltaire	Fit:Model height:176 cm,Fit:Model wears size:S,Fit:Sizing advice:This item fits to size. Choose your usual size,Composition:Main material:100% viscose,Sustainability:Responsible sourcing:Viscose fibers from sustainably managed forests,Care:Washing:Hand-wash or machine-wash inside out in a mesh laundry bag on a 20°C delicate cycle with a maximum spin speed of 400 rpm,Care:Drying:Air dry flat,Care:Ironing:Iron inside out at a maximum of 110°C	Viscose	
JWTS02995_CHERRY	IONA EMBELLISHED T-SHIRT	color:cherry	Women's long sleeved t-shirt,Western inspired,Rhinestone embellishments on collar and sleeves	Fit:Model height:176 cm,Fit:Model wears size:S,Composition:Main material:100% cotton	Cotton	
RWSK01065_CHERRY	JAIME LEATHER SKIRT	color:cherry	Women's black smooth leather mini skirt,Zip fastening at the back,2 patch pockets,Topstitching	Fit:Model height:177 cm,Fit:Model wears size:S,Fit:Sizing advice:We recommend buying your usual size,Composition:Main material:100% lambskin,Care:Cleaning:This garment should be cared for by a leather professional	Lambskin	
RWSK01065_BLACK	JAIME LEATHER SKIRT	color:black	Women's black smooth leather mini skirt,Zip fastening at the back,2 patch pockets,Topstitching	Fit:Model height:177 cm,Fit:Model wears size:S,Fit:Sizing advice:We recommend buying your usual size,Composition:Main material:100% lambskin,Care:Cleaning:This garment should be cared for by a leather professional	Lambskin	accessory:id:SWCT02026_BLACK
WWTO02055_BLACK	TARYS TANK TOP	color:black	Tank top,Zebra print,U-neckline and wide straps	Fit:Model height:176 cm,Fit:Model wears size:S,Fit:Sizing advice:This item fits to size. Choose your usual size,Composition:Main material:100% viscose,Sustainability:Responsible sourcing:Viscose fibers from sustainably managed forests,Care:Washing:Hand-wash or machine-wash inside out in a mesh laundry bag on a 20°C delicate cycle with a maximum spin speed of 400 rpm,Care:Drying:Air dry flat,Care:Ironing:Iron inside out at a maximum of 110°C	Viscose	
WWPA01937_BLACK	PIN TROUSERS	color:black	Pyjama-style trousers,Zebra print,Italian pockets,Elasticated waist,Mid-rise,Regular fit,Choose your usual size	Fit:Model height:176 cm,Fit:Model wears size:36,Composition:Main material:100% viscose,Sustainability:Responsible sourcing:Viscose fibers from sustainably managed forests,Care:Cleaning:This garment should be dry-cleaned only,Care:Ironing:"Iron inside out at a maximum of 110°C, avoiding any customised details"	Viscose	accessory:id:OWWT00018_GOLD,often_bought_with:id:WWSH02324_BLACK
WWSH02324_BLACK	TYRICA SHIRT	color:black	Shirt,Zebra print,Button fastening,Long sleeves	Fit:Model height:176 cm,Fit:Model wears size:S,Fit:Sizing advice:This item fits to size. Choose your usual size,Composition:Main material:100% viscose,Sustainability:Responsible sourcing:Viscose fibers from sustainably managed forests,Care:Washing:Hand-wash or machine-wash inside out in a mesh laundry bag on a 20°C delicate cycle with a maximum spin speed of 400 rpm,Care:Drying:Air dry flat,Care:Ironing:Iron inside out at a maximum of 110°C	Viscose	accessory:id:LWBA04329_BLACK,often_bought_with:id:WWPA01937_BLACK
WWDR02696_BLACK	RAYADOS DRESS	color:black	Short dress,Zebra print,V-neck with ties,Long sleeves,Elasticated waist	Fit:Model height:176 cm,Fit:Model wears size:S,Fit:Sizing advice:This item fits to size. Choose your usual size,Composition:Main material:100% viscose,Sustainability:Responsible sourcing:Viscose fibers from sustainably managed forests,Care:Washing:Hand-wash or machine-wash inside out in a mesh laundry bag on a 20°C delicate cycle with a maximum spin speed of 400 rpm,Care:Drying:Air dry flat,Care:Ironing:Iron inside out at a maximum of 110°C	Viscose	
JWTS02925_CARBONE	TOMMER T-SHIRT	color:carbone	100% cotton t-shirt,Print and rhinestones on the front,Crew neck,Short sleeves	Fit:Model height:176 cm,Fit:Model wears size:S,Composition:Main material:100% cotton,Sustainability:Organic content:Cotton fibers from organic farming,Care:Washing:Machine-wash inside out on a 30°C delicate cycle with similar colours,Care:Ironing:"Iron inside out at a maximum of 110°C, avoiding any customised details"	Cotton	
JWTS02926_WHITE	WALKRA T-SHIRT	color:white	100% cotton t-shirt,Print and rhinestones on the front,Crew neck,Long raglan sleeves	Fit:Model height:176 cm,Fit:Model wears size:S,Composition:Main material:100% cotton,Sustainability:Organic content:Cotton fibers from organic farming,Care:Washing:Machine-wash inside out on a 30°C delicate cycle with similar colours,Care:Ironing:"Iron inside out at a maximum of 110°C, avoiding any customised details"	Cotton	
RWPA01106_CHERRY	POCHA CRINKLED LEATHER PANTS	color:cherry	Crinkled leather trousers,Low-rise elasticated waist,Piped pockets,Straight cut with jogging spirit	Fit:Model height:181 cm,Fit:Model wears size:36,Composition:Main material:100% lambskin,Care:Cleaning:This garment should be cared for by a leather professional	Lambskin	
RWPA01106_BLACK	POCHA CRINKLED LEATHER PANTS	color:black	Crinkled leather trousers,Low-rise elasticated waist,Piped pockets,Straight cut with jogging spirit	Fit:Model height:181 cm,Fit:Model wears size:36,Composition:Main material:100% lambskin,Care:Cleaning:This garment should be cared for by a leather professional	Lambskin	accessory:id:LWBA04310_BLACK,accessory:id:SWSN01635_COGNAC,often_bought_with:id:WWBL00864_BLACK
JWTS02922_WHITE	TAIDA T-SHIRT	color:white	100% cotton t-shirt,Rhinestone heart on the front,Round neck,Short sleeves	Fit:Model height:177 cm,Fit:Model wears size:S,Composition:Main material:100% cotton,Care:Washing:Machine-wash inside out on a 30°C delicate cycle with similar colours,Care:Ironing:"Iron inside out at a maximum of 110°C, avoiding any customised details"	Cotton	
JWTS02922_BLACK	TAIDA T-SHIRT	color:black	100% cotton t-shirt,Rhinestone heart on the front,Round neck,Short sleeves	Fit:Model height:177 cm,Fit:Model wears size:S,Composition:Main material:100% cotton,Care:Washing:Machine-wash inside out on a 30°C delicate cycle with similar colours,Care:Ironing:"Iron inside out at a maximum of 110°C, avoiding any customised details"	Cotton	
JWSS01747_CHERRY	GEORGY SWEATSHIRT	color:cherry	Sweatshirt Wings on the front and rhinestone print on the back,Crew neck,Hood,Long sleeves	Fit:Model height:176 cm,Fit:Model wears size:S,Composition:Main material:"62% cotton, 19% polyester, 19% cotton",Sustainability:Organic content:Cotton fibers from organic farming,Sustainability:Recycled content:Recycled polyester fibers,Sustainability:Recycled content:Recycled cotton fibers,Care:Washing:Machine-wash inside out on a 30°C delicate cycle with similar colours,Care:Ironing:"Iron inside out at a maximum of 110°C, avoiding any customised details"	Cotton/Polyester	
KWCA01713_CARAMEL	MISSYA CARDIGAN	color:caramel	Wool and cashmere cardigan,Leopard print,Round neck,Button fastening,Long sleeves	Fit:Model height:176 cm,Fit:Model wears size:S,Fit:Sizing advice:This item fits to size. Choose your usual size,Composition:Main material:"90% wool, 10% cashmere",Sustainability:Responsible sourcing:Contains 90% RWS certified wool,Care:Washing:Hand-wash or machine-wash on a 20°C wool cycle with a maximum spin speed of 400 rpm,Care:Handling:Do not twist,Care:Drying:Air dry flat,Care:Ironing:"Iron inside out at a maximum of 110°C, avoiding any customised details"	Wool/Cashmere	
WWSK01629_CHERRY	JETO SATIN SKIRT	color:cherry	Long skirt in Japanese satin,Asymmetrical,Waist cord with wing charms details,Fluid cut Choose your usual size	Fit:Model height:181 cm,Fit:Model wears size:S,Composition:Main material:"57% polyester, 43% polyester",Sustainability:Recycled content:Recycled polyester fibers,Care:Washing:Hand-wash or machine-wash inside out in a mesh laundry bag on a 20°C delicate cycle with a maximum spin speed of 400 rpm,Care:Drying:Air dry flat	Polyester	
KWCO01541_CAMEL	CAMY COAT	color:camel	Long wool and cashmere coat,Fringe,Long sleeves,Slit pockets	Fit:Sizing advice:This item fits 1 to size. Choose your usual size,Composition:Main material:"90% wool, 10% cashmere",Care:Washing:Hand-wash or machine-wash on a 20°C wool cycle with a maximum spin speed of 400 rpm,Care:Handling:Do not twist,Care:Drying:Air dry flat,Care:Ironing:"Iron inside out at a maximum of 110°C, avoiding any customised details"	Wool/Cashmere	
KWSW03024_CARAMEL	SOULO JUMPER	color:caramel	Wool and cashmere jumper,All-over leopard print,Crew neck,Long sleeves,ZV signature on the front	Fit:Model height:176 cm,Fit:Model wears size:S,Fit:Sizing advice:This item fits to size. Choose your usual size,Composition:Main material:"90% wool, 10% cashmere",Care:Washing:Hand-wash or machine-wash on a 20°C wool cycle with a maximum spin speed of 400 rpm,Care:Handling:Do not twist,Care:Drying:Air dry flat,Care:Ironing:"Iron inside out at a maximum of 110°C, avoiding any customised details"	Wool/Cashmere	
WWCO01279_CARAMEL	MELI COAT	color:caramel	Long bathrobe-style coat,Double-faced,Classic collar,Crossover closure,Italian pockets and welt pockets,Long sleeves with shoulder pads,Belted waist	Fit:Model height:176 cm,Fit:Model wears size:S,Fit:Sizing advice:This item fits to size. Choose your usual size,Composition:Main material:"75% wool, 20% polyester, 3% acrylic, 2% viscose",Sustainability:Recycled content:Recycled wool fibers,Sustainability:Recycled content:Recycled polyester fibers,Care:Cleaning:This garment should be dry-cleaned only	Wool/Polyester/Acrylic	
JWTS02917_HEATHER GREY	TAIDA T-SHIRT	color:heather grey	T-shirt,Rhinestones on the front and back,Crew neck,Short sleeves is wearing a size	Fit:Model height:176 cm,Composition:Main material:"50% polyester, 30% cotton, 20% linen",Sustainability:Recycled content:Contains 50% recycled polyester,Care:Washing:Machine-wash inside out on a 30°C delicate cycle with similar colours,Care:Ironing:"Iron inside out at a maximum of 110°C, avoiding any customised details"	Polyester/Cotton/Linen	
WWJE01335_MEDIUM BLUE	ETE JEANS	color:medium blue	100% cotton jeans,5 pockets,Belt loops and zip fastening,High waist,Regular fit	Fit:Model height:176 cm,Fit:Model wears size:26,Composition:Main material:100% cotton,Care:Washing:Wash before wear; Machine-wash inside out on a 30°C delicate cycle with similar colours,Care:Ironing:"Iron inside out at a maximum of 150°C, or in case of customised details, at a maximum of 110°C avoiding the customised details"	Cotton	
WWOW01762_MEDIUM BLUE	LESSA DENIM JACKET	color:medium blue	Denim jacket,Classic collar,Buttoned fastening,Flap pockets,Long sleeves,Embossed ZV on the left chest,Crop cut	Fit:Model height:176 cm,Fit:Model wears size:S,Fit:Sizing advice:This item fits to size. Choose your usual size,Composition:Main material:100% cotton,Care:Cleaning:This garment should be dry-cleaned only	Cotton	
RWCO01069_GLOOM	MENTLYR LEATHER COAT	color:gloom	Short smooth leather coat,Classic collar,Buttoned fastening,Long sleeves,Signature wings at the rear	Fit:Model height:176 cm,Fit:Model wears size:S,Fit:Sizing advice:This item fits to size. Choose your usual size,Composition:Main material:100% lambskin,Care:Cleaning:This garment should be cared for by a leather professional	Lambskin	
JWDR01150_BLACK	ROE DRESS	color:black	Short dress in 100% cotton,Rhinestone zebra motif,Round neck,Sleeveless	Fit:Model height:176 cm,Fit:Model wears size:S,Fit:Sizing advice:This item fits to size. Choose your usual size,Composition:Main material:100% cotton,Sustainability:Organic content:Cotton fibers from organic farming,Care:Washing:Machine-wash inside out on a 30°C delicate cycle with similar colours,Care:Ironing:"Iron inside out at a maximum of 110°C, avoiding any customised deta"	Cotton	
JWTT01298_BLACK	CLOE TANK TOP	color:black	100% cotton tank top,Zebra motif in rhinestones,Crew neck	Fit:Model height:176 cm,Fit:Model wears size:XS,Composition:Main material:100% cotton,Sustainability:Organic content:Cotton fibers from organic farming,Care:Washing:Machine-wash inside out on a 30°C delicate cycle with similar colours,Care:Ironing:"Iron inside out at a maximum of 110°C, avoiding any customised details"	Cotton	
JWTN02682_JUDO	HAPPY HENLEY T-SHIRT	color:judo	Henley t-shirt in 100% cotton,Placed print and rhinestones on the front and back,Henley collar with 5 buttons,Long sleeves,Regular fit	Fit:Model height:177 cm,Fit:Model wears size:S,Fit:Sizing advice:This item fits to size. Choose your usual size,Composition:Main material:100% cotton,Sustainability:Organic content:Cotton fibers from organic farming,Care:Washing:Machine-wash inside out on a 30°C delicate cycle with similar colours,Care:Ironing:"Iron inside out at a maximum of 110°C, avoiding any customised details"	Cotton	
KWSW02983_BLACK	SOULY JUMPER 100% CASHMERE	color:black	100% cashmere jumper,All-over rhinestone detailing,ZV signature on the front,Turtleneck,Long sleeves	Fit:Model height:176 cm,Fit:Model wears size:S,Fit:Sizing advice:"This item has a loose fit. For a more fitted look, choose one size down from your usual size",Composition:Main material:100% cashmere,Care:Washing:Hand-wash or machine-wash on a 20°C wool cycle with a maximum spin speed of 400 rpm,Care:Handling:Do not twist,Care:Drying:Air dry flat,Care:Ironing:"Iron inside out at a maximum of 110°C, avoiding any customised details"	Cashmere	
RWOW01280_MEDIUM GREY	VERAM LEATHER JACKET	color:medium grey	Glossy leather jacket,ZV signature on the front,Classic collar,Buttoned fastening,Long sleeves,Fitted cut	Fit:Model height:176 cm,Fit:Model wears size:S,Composition:Main material:100% lambskin,Care:Cleaning:This garment should be cared for by a leather professional	Lambskin	
JWTT01295_CARBONE	CLOE TANK TOP	color:carbone	100% cotton tank top,Motorcycle print and rhinestones on the front,Crew neck	Composition:Main material:100% cotton,Sustainability:Organic content:Cotton fibers from organic farming,Care:Washing:Machine-wash inside out on a 30°C delicate cycle with similar colours,Care:Ironing:"Iron inside out at a maximum of 110°C, avoiding any customised details"	Cotton	
KWCA01722_CAMEL	MIRKAZ CARDIGAN 100% CASHMERE	color:camel	100% cashmere cardigan,ZV crest on the front,V-neck,Button fastening,Long sleeves	Fit:Sizing advice:"This item has a loose fit. For a more fitted look, choose one size down from your usual size",Composition:Main material:100% cashmere,Care:Washing:Hand-wash or machine-wash on a 20°C wool cycle with a maximum spin speed of 400 rpm,Care:Handling:Do not twist,Care:Drying:Air dry flat,Care:Ironing:"Iron inside out at a maximum of 110°C, avoiding any customised details"	Cashmere	
WWSH02308_BLACK	TYRICA SHIRT	color:black	Shirt,Sequins,Classic collar,Button fastening,Long sleeves	Fit:Model height:177 cm,Fit:Model wears size:S,Fit:Sizing advice:This item fits to size. Choose your usual size,Composition:Main material:100% polyester,Sustainability:Recycled content:Recycled polyester fibers,Care:Cleaning:This garment should be dry-cleaned only	Polyester	
WWJE01342_BLACK	ETE JEANS	color:black		Fit:Sizing advice:This item fits to size. Choose your usual size,Composition:Main material:100% cotton,Sustainability:Organic content:Cotton fibers from organic farming,Care:Washing:Wash before wear; Machine-wash inside out on a 30°C delicate cycle with similar colours,Care:Ironing:"Iron inside out at a maximum of 150°C, or in case of customised details, at a maximum of 110°C avoiding the customised details"	Cotton	
WWSH02316_JUDO	TELMY SHIRT 100% SILK	color:judo	100% silk shirt,ZV embroidery,Classic collar,Button fastening,3/4 sleeves with split cuffs with bow	Fit:Model height:176 cm,Fit:Model wears size:S,Composition:Main material:100% silk,Care:Washing:Hand-wash or machine-wash inside out in a mesh laundry bag on a 20°C delicate cycle with a maximum spin speed of 400 rpm,Care:Drying:Air dry flat,Care:Ironing:Iron inside out at a maximum of 110°C	Silk	
JWSS01774_CARBONE	SWEE SWEATSHIRT	color:carbone	100% cotton sweatshirt,Leopard print,Crew neck,Zip fastening,Hood,Front pocket,Long sleeves	Fit:Model height:176 cm,Fit:Model wears size:S,Composition:Main material:100% cotton,Care:Washing:Machine-wash inside out on a 30°C delicate cycle with similar colours,Care:Ironing:"Iron inside out at a maximum of 110°C, avoiding any customised details"	Cotton	
JWSP00024_CARBONE	CHILLOH JOGGING PANTS	color:carbone	100% cotton trousers,Leopard print,Drawstring waist,2 pockets	Fit:Model height:176 cm,Fit:Model wears size:S,Composition:Main material:100% cotton,Care:Washing:Machine-wash inside out on a 30°C delicate cycle with similar colours,Care:Ironing:"Iron inside out at a maximum of 110°C, avoiding any customised details"	Cotton	
KWCA01698_OFF WHITE	MIRKAZ CARDIGAN 100% CASHMERE	color:off white	100% cashmere cardigan,Multicustomisation,V-neck,Buttoned fastening,Long sleeves	Fit:Model height:176 cm,Fit:Model wears size:S,Fit:Sizing advice:This item fits to size. Choose your usual size,Composition:Main material:100% cashmere,Care:Washing:Hand-wash or machine-wash on a 20°C wool cycle with a maximum spin speed of 400 rpm,Care:Handling:Do not twist,Care:Drying:Air dry flat,Care:Ironing:"Iron inside out at a maximum of 110°C, avoiding any customised details"	Cashmere	
WWSK01651_BLACK	JARVIS SKIRT	color:black	Mid-length lingerie-inspired skirt,Lace details,Elasticated waist,Slit,Flowing cut	Fit:Model height:176 cm,Fit:Model wears size:36,Composition:Main material:100% viscose,Sustainability:Responsible sourcing:Viscose fibers from sustainably managed forests,Care:Washing:Hand-wash or machine-wash inside out in a mesh laundry bag on a 20°C delicate cycle with a maximum spin speed of 400 rpm,Care:Drying:Air dry flat,Care:Ironing:Iron inside out at a maximum of 110°C	Viscose	
RWPA01110_BLACK	PERYA LEATHER PANTS	color:black	Smooth leather trousers,5 pockets,Mid-rise waist,Regular fit	Fit:Model height:176 cm,Fit:Model wears size:36,Fit:Sizing advice:This item fits to size. Choose your usual size,Composition:Main material:100% lambskin,Care:Cleaning:This garment should be cared for by a leather professional	Lambskin	
JWTN02685_WHITE	TUNISIEN HENLEY T-SHIRT	color:white	100% cotton henley t-shirt,Snake prints on the back and rhinestones,Henley collar with 5 buttons,Short sleeves	Fit:Model height:176 cm,Fit:Model wears size:S,Fit:Sizing advice:This item fits to size. Choose your usual size,Composition:Main material:100% cotton,Care:Washing:Machine-wash inside out on a 30°C delicate cycle with similar colours,Care:Ironing:"Iron inside out at a maximum of 110°C, avoiding any customised details"	Cotton	
WWBL02009_BLACK	VALLO VELVET JACKET	color:black	Smooth velvet jacket,Officer collar,Single-button fastening,Italian pockets and welt pockets,Long sleeves	Fit:Model height:176 cm,Fit:Model wears size:36,Composition:Main material:100% cotton,Sustainability:Organic content:Cotton fibers from organic farming,Care:Cleaning:This garment should be dry-cleaned only	Cotton	
WWPA01915_DARK BLUE	POMA PANTS	color:dark blue	Straight tailored trousers,Rhinestones,Piped pockets,Elasticated waist,Regular fit	Fit:Model height:176 cm,Fit:Model wears size:36,Fit:Sizing advice:This item fits to size. Choose your usual size,Composition:Main material:"80% polyester, 20% viscose",Sustainability:Recycled content:Recycled polyester fibers,Sustainability:Responsible sourcing:Viscose fibers from sustainably managed forests,Care:Cleaning:This garment should be dry-cleaned only,Care:Ironing:"Iron inside out at a maximum of 110°C, avoiding any customised details"	Polyester/Viscose	
WWBL01886_DARK BLUE	VAVY STRASS BLAZER	color:dark blue	Silver plumetis rhinestones,Pointed collar,Button fastening,Back vent,2 flap pockets and 1 piped chest pocket,Long sleeves with split cuffs	Fit:Model height:177 cm,Fit:Model wears size:36,Fit:Sizing advice:We recommend buying your usual size,Composition:Main material:"80% polyester, 20% viscose",Care:Cleaning:This garment should be dry-cleaned only	Polyester/Viscose	
KWCO01555_BLACK	GILDAS JACKET	color:black				
KWSW03101_HEATHER GREY	NALMA AMOUR SWEATER	color:heather grey				
WWPA01911_BLACK	PIN SATIN PANTS	color:black	Pajama-style pants,Satin,Patch pockets,Elasticated waistband,Regular fit and high waist	Fit:Sizing advice:This item fits to size. Choose your usual size,Composition:Main material:100% viscose,Sustainability:Responsible sourcing:Viscose fibers from sustainably managed forests,Care:Cleaning:This garment should be dry-cleaned only,Care:Ironing:"Iron inside out at a maximum of 110°C, avoiding any customised details"	Viscose	
JMTS01811_WHITE	TOMMY T-SHIRT	color:white	Round neck,Short sleeves	Fit:Model height:189 cm,Fit:Model wears size:M,Fit:Sizing advice:This item fits to size. Choose your usual size,Composition:Main material:100% cotton,Sustainability:Organic content:Cotton fibers from organic farming,Care:Washing:Machine-wash inside out on a 30°C delicate cycle with similar colours,Care:Ironing:"Iron inside out at a maximum of 110°C, avoiding any customised details"	Cotton	
JMTN01678_BLACK	MONASTIR HENLEY T-SHIRT	color:black				
WMJE01202_BRUT	PERY JEANS	color:brut	100% cotton jeans,Worker-inspired panel detailing,Zip fly and button closure,"Five pockets, including one ticket pocket",Mid-rise waist,Straight-leg fit	Fit:Model height:186 cm,Fit:Model wears size:32,Fit:Sizing advice:This item fits to size. Choose your usual size,Composition:Main material:100% cotton,Care:Washing:Wash before wear; Machine-wash inside out on a 30°C delicate cycle with similar colours,Care:Ironing:"Iron inside out at a maximum of 150°C, or in case of customised details, at a maximum of 110°C avoiding the customised details"	Cotton	
JMTN01677_JUDO	MONASTIR HENLEY T-SHIRT	color:judo	Henley collar with 5 buttons,Short sleeves	Fit:Model height:189 cm,Fit:Model wears size:M,Fit:Sizing advice:This item fits to size. Choose your usual size,Composition:Main material:100% cotton,Care:Washing:Machine-wash inside out on a 30°C delicate cycle with similar colours,Care:Ironing:"Iron inside out at a maximum of 110°C, avoiding any customised details"	Cotton	
KMSW01879_MEDIUM GREY	MARKO SWEATER	color:medium grey	Wool and cashmere jumper,ZV embroidery on the front,Round neck,Long sleeves	Fit:Model height:189 cm,Fit:Model wears size:M,Fit:Sizing advice:This item fits to size. Choose your usual size,Composition:Main material:"90% wool, 10% cashmere",Care:Washing:Hand-wash or machine-wash on a 20°C wool cycle with a maximum spin speed of 400 rpm,Care:Handling:Do not twist,Care:Drying:Air dry flat,Care:Ironing:"Iron inside out at a maximum of 110°C, avoiding any customised details"	Wool/Cashmere	
KMPA01008_MEDIUM GREY	PARRY SWEATPANTS	color:medium grey	Wool and cashmere jogging pants,Patch pockets at the back with ZV signature,Low waist	Fit:Model height:189 cm,Fit:Model wears size:M,Composition:Main material:"90% wool, 10% cashmere",Care:Washing:Hand-wash or machine-wash on a 20°C wool cycle with a maximum spin speed of 400 rpm,Care:Handling:Do not twist,Care:Drying:Air dry flat,Care:Ironing:"Iron inside out at a maximum of 110°C, avoiding any customised details"	Wool/Cashmere	
WMCO01456_BLACK	MOLLYS COAT	color:black	Short coat,Tailored collar,Double-breasted fastening,Welt pockets,Long-sleeved tops with a ZV badge	Fit:Model height:189 cm,Fit:Model wears size:M,Fit:Sizing advice:This item fits to size. Choose your usual size,Composition:Main material:"78% wool, 22% polyamide",Sustainability:Recycled content:Contains 78% recycled wool,Care:Cleaning:This garment should be dry-cleaned only	Wool/Polyamide	
JMSS01384_GREY MELANGE	SWEELO SWEATSHIRT	color:grey melange	Sur la,Hood,Crew neck,Front pocket,Long sleeves	Fit:Model height:189 cm,Fit:Model wears size:M,Composition:Main material:"81% cotton, 19% polyester",Sustainability:Organic content:Cotton fibers from organic farming,Sustainability:Recycled content:Recycled polyester fibers,Care:Washing:Machine-wash inside out on a 30°C delicate cycle with similar colours,Care:Ironing:"Iron inside out at a maximum of 110°C, avoiding any customised details"	Cotton/Polyester	
KMCA01305_BLACK	CAMILLO CARDIGAN	color:black	Hood,Zip fastening,Patch pockets,Long sleeves	Fit:Model height:184 cm,Fit:Model wears size:M,Fit:Sizing advice:This item fits to size. Choose your usual size,Composition:Main material:"90% wool, 10% cashmere",Care:Washing:Hand-wash or machine-wash on a 20°C wool cycle with a maximum spin speed of 400 rpm,Care:Handling:Do not twist,Care:Drying:Air dry flat,Care:Ironing:"Iron inside out at a maximum of 110°C, avoiding any customised details"	Wool/Cashmere	
KMCA01303_MEDIUM GREY	CAMILLE CARDIGAN 100% CASHMERE	color:medium grey	Founded in Paris in 1994,Lucien,100% cashmere cardigan,Hood,Zip fastening,Long sleeves	Fit:Model height:186 cm,Fit:Model wears size:M,Composition:Main material:100% cashmere,Care:Washing:Hand-wash or machine-wash on a 20°C wool cycle with a maximum spin speed of 400 rpm,Care:Handling:Do not twist,Care:Drying:Air dry flat,Care:Ironing:"Iron inside out at a maximum of 110°C, avoiding any customised details"	Cashmere	
JMSS01399_CARBONE	MOY SWEATSHIRT	color:carbone	100% cotton sweatshirt,Crew neck,Zip fastening,Long sleeves	Fit:Model height:184 cm,Fit:Model wears size:M,Composition:Main material:100% cotton,Sustainability:Organic content:Cotton fibers from organic farming,Care:Washing:Machine-wash inside out on a 30°C delicate cycle with similar colours,Care:Ironing:"Iron inside out at a maximum of 110°C, avoiding any customised details"	Cotton	
WMJE01204_MEDIUM BLUE	JOHN ECO JEANS	color:medium blue	Regular fit jeans in 100% cotton,Zip and button fastening,5 pockets including a ticket pocket,Mid-rise waist,Regular fit	Fit:Model height:186 cm,Fit:Model wears size:31,Fit:Sizing advice:This item fits to size. Choose your usual size,Composition:Main material:100% cotton,Care:Washing:Wash before wear; Machine-wash inside out on a 30°C delicate cycle with similar colours,Care:Ironing:"Iron inside out at a maximum of 150°C, or in case of customised details, at a maximum of 110°C avoiding the customised details"	Cotton	
JMTN01680_CARBONE	MONASTIR HENLEY T-SHIRT	color:carbone	Two-tone henley t-shirt in 100% cotton,Embroidery,Henley collar with 5 buttons,Long sleeves	Fit:Sizing advice:This item fits to size. Choose your usual size,Composition:Main material:100% cotton,Care:Washing:Machine-wash inside out on a 30°C delicate cycle with similar colours,Care:Ironing:"Iron inside out at a maximum of 110°C, avoiding any customised details"	Cotton	
JMTN01680_DARK BLUE	MONASTIR HENLEY T-SHIRT	color:dark blue	Two-tone henley t-shirt in 100% cotton,Embroidery,Henley collar with 5 buttons,Long sleeves	Fit:Sizing advice:This item fits to size. Choose your usual size,Composition:Main material:100% cotton,Care:Washing:Machine-wash inside out on a 30°C delicate cycle with similar colours,Care:Ironing:"Iron inside out at a maximum of 110°C, avoiding any customised details"	Cotton	
WMOW01439_DARK BLUE	VENEZIA JACKET 100% WOOL	color:dark blue	100% boiled wool jacket,Stand-up collar,Single-breasted fastening,Patch pockets,ZV badge,Long sleeves,Choose your usual size	Fit:Model height:184 cm,Fit:Model wears size:M,Composition:Main material:100% wool,Sustainability:Recycled content:Recycled wool fibers,Care:Cleaning:This garment should be dry-cleaned only	Wool	
JMTS01794_DARK GRAY	THIERRY T-SHIRT	color:dark gray	Founded in Paris in 1994,Lucien,100% cotton t-shirt,Fabric label on the front,Crew neck,Short sleeves	Fit:Model height:184 cm,Fit:Model wears size:M,Fit:Sizing advice:This item fits to size. Choose your usual size,Composition:Main material:100% cotton,Care:Washing:Machine-wash inside out on a 30°C delicate cycle with similar colours,Care:Ironing:"Iron inside out at a maximum of 110°C, avoiding any customised details"	Cotton	
JMTS01794_WHITE	THIERRY T-SHIRT	color:white	Founded in Paris in 1994,Lucien,100% cotton t-shirt,Fabric label on the front,Crew neck,Short sleeves	Fit:Model height:184 cm,Fit:Model wears size:M,Fit:Sizing advice:This item fits to size. Choose your usual size,Composition:Main material:100% cotton,Care:Washing:Machine-wash inside out on a 30°C delicate cycle with similar colours,Care:Ironing:"Iron inside out at a maximum of 110°C, avoiding any customised details"	Cotton	
JMTS01794_BLACK	THIERRY T-SHIRT	color:black	Founded in Paris in 1994,Lucien,100% cotton t-shirt,Fabric label on the front,Crew neck,Short sleeves	Fit:Model height:184 cm,Fit:Model wears size:M,Fit:Sizing advice:This item fits to size. Choose your usual size,Composition:Main material:100% cotton,Care:Washing:Machine-wash inside out on a 30°C delicate cycle with similar colours,Care:Ironing:"Iron inside out at a maximum of 110°C, avoiding any customised details"	Cotton	
WMOW01432_LATTE	KONNICE JACKET	color:latte	100% cotton jacket,Velvet collar Wings jacron patch signature,Zip fastening,Patch pockets,Rivet details,Long sleeves	Fit:Model height:184 cm,Fit:Model wears size:M,Fit:Sizing advice:This item fits to size. Choose your usual size,Composition:Main material:100% cotton,Sustainability:Organic content:Cotton fibers from organic farming,Care:Cleaning:Do not wash (machine or dry clean); Clean gently with a sponge dampened with cold water Reproof with a special wax every year,Care:Ironing:Do not iron or steam this product,Care:Drying:Do not tumble dry	Cotton	
WMSH01351_TEA	SID SHIRT	color:tea	100% cotton voile shirt,Classic collar,Button fastening,Long sleeves,Signature wings embroidery,Regular fit	Fit:Model height:186 cm,Fit:Model wears size:M,Fit:Sizing advice:This item fits to size. Choose your usual size,Composition:Main material:100% cotton,Sustainability:Organic content:Cotton fibers from organic farming,Care:Washing:Hand-wash or machine-wash inside out in a mesh laundry bag on a 20°C delicate cycle with a maximum spin speed of 400 rpm,Care:Drying:Air dry flat,Care:Ironing:Iron inside out at a maximum of 110°C	Cotton	
KMCA01304_BLACK	GWENO CARDIGAN	color:black	Wool and cashmere cardigan,ZV embroidery on the front,Officer collar,Zip fastening,Long sleeves,Bomber cut	Fit:Model height:184 cm,Fit:Model wears size:M,Composition:Main material:"90% wool, 10% cashmere",Care:Washing:Hand-wash or machine-wash on a 20°C wool cycle with a maximum spin speed of 400 rpm,Care:Handling:Do not twist,Care:Drying:Air dry flat,Care:Ironing:"Iron inside out at a maximum of 110°C, avoiding any customised details"	Wool/Cashmere	
JMTS01784_TEA	TOMMY T-SHIRT	color:tea	100% cotton,T-shirt,Crew neck	Fit:Model height:186 cm,Fit:Model wears size:M,Fit:Sizing advice:This item fits to size. Choose your usual size,Composition:Main material:100% cotton,Care:Washing:Machine-wash inside out on a 30°C delicate cycle with similar colours,Care:Ironing:"Iron inside out at a maximum of 110°C, avoiding any customised details"	Cotton	
KMCA01304_HEATHER GREY	GWENO CARDIGAN	color:heather grey	Wool and cashmere cardigan,ZV embroidery on the front,Officer collar,Zip fastening,Long sleeves,Bomber cut	Fit:Model height:184 cm,Fit:Model wears size:M,Composition:Main material:"90% wool, 10% cashmere",Care:Washing:Hand-wash or machine-wash on a 20°C wool cycle with a maximum spin speed of 400 rpm,Care:Handling:Do not twist,Care:Drying:Air dry flat,Care:Ironing:"Iron inside out at a maximum of 110°C, avoiding any customised details"	Wool/Cashmere	
JMBS01036_TEA	PABLO SHORTS	color:tea	100% cotton shorts,Placed print,Drawstring closure,Patch pockets,Regular fit,Low waist	Fit:Model height:186 cm,Fit:Model wears size:M,Fit:Sizing advice:This item fits to size. Choose your usual size,Composition:Main material:100% cotton,Care:Washing:Machine-wash inside out on a 30°C delicate cycle with similar colours,Care:Ironing:"Iron inside out at a maximum of 110°C, avoiding any customised details"	Cotton	
JMTN01666_JUDO	MONASTIR HENLEY T-SHIRT	color:judo	100% cotton,Henley,T-shirt,Concert customisation,Henley collar with 5 buttons,Long sleeves	Fit:Model height:187 cm,Fit:Model wears size:M,Fit:Sizing advice:This item fits 1 to size. Choose your usual size,Composition:Main material:100% cotton,Care:Washing:Machine-wash inside out on a 30°C delicate cycle with similar colours,Care:Ironing:"Iron inside out at a maximum of 110°C, avoiding any customised details"	Cotton	
JMSS01352_TEA	AIME SWEATSHIRT	color:tea	100% cotton sweatshirt,Flocked print on the front and back,Crew neck,Long sleeves	Fit:Model height:186 cm,Fit:Model wears size:M,Fit:Sizing advice:This item fits to size. Choose your usual size,Composition:Main material:100% cotton,Sustainability:Organic content:Cotton fibers from organic farming,Care:Washing:Machine-wash inside out on a 30°C delicate cycle with similar colours,Care:Ironing:"Iron inside out at a maximum of 110°C, avoiding any customised details"	Cotton	
WMOW01445_DARK CHOCOLATE	BASES VELVET JACKET	color:dark chocolate	Velvet jacket Wings patch on the back,Leather shirt collar,Button fastening,Flap pockets and welt pockets,Long sleeves	Fit:Model height:189 cm,Fit:Model wears size:M,Fit:Sizing advice:This item fits to size. Choose your usual size,Composition:Main material:"98% cotton, 2% elastane",Sustainability:Organic content:Cotton fibers from organic farming,Care:Cleaning:This garment should be dry-cleaned only	Cotton/Elastane	
JMSS01398_LATTE	SWEELO SWEATSHIRT	color:latte	100% cotton sweatshirt,Skull embroidery on the back,Hood,Zip fastening,Long sleeves	Fit:Model height:189 cm,Fit:Model wears size:M,Composition:Main material:100% cotton,Care:Washing:Machine-wash inside out on a 30°C delicate cycle with similar colours,Care:Ironing:"Iron inside out at a maximum of 110°C, avoiding any customised details"	Cotton	
JMTS00631_JUDO	JIMMY T-SHIRT	color:judo	Unisex Elephant brown cotton T-shirt,Doberman print on the front and Concert print on the back,Round neckline and short sleeves	Fit:Model height:188 cm,Fit:Model wears size:M,Fit:Sizing advice:Women should choose their usual size. Men should choose their usual size,General:Made in:Portugal,Composition:Main material:100% cotton	Cotton	
JMSS01314_BLACK	SWEATSHIRT SACHA	color:black		Composition:Main material:"100% cotton, 100% cotton",Care:Washing:Machine-wash inside out on a 30°C delicate cycle with similar colours,Care:Ironing:"Iron inside out at a maximum of 110°C, avoiding any customised details"	Cotton	
JMTS01787_ANTHRACITE	TOMMY T-SHIRT	color:anthracite	Round neck,Short sleeves	Fit:Model height:187 cm,Fit:Model wears size:M,Fit:Sizing advice:This item fits to size. Choose your usual size,Composition:Main material:100% cotton	Cotton	
JMSS01353_DARK BLUE	SACHA SWEATSHIRT	color:dark blue	100% cotton sweatshirt,Hood,Patch pockets,Long sleeves	Fit:Model height:186 cm,Fit:Model wears size:M,Fit:Sizing advice:This item fits to size. Choose your usual size,Composition:Main material:100% cotton,Care:Washing:Machine-wash inside out on a 30°C delicate cycle with similar colours,Care:Ironing:"Iron inside out at a maximum of 110°C, avoiding any customised details"	Cotton	
WMJE01203_BLACK	JOHN JEANS	color:black	Straight jeans in 100% cotton,Zip fastening and belt loops,"5 pockets: applied pockets, jean pockets and ticket pocket",Regular fit	Fit:Model height:191 cm,Fit:Model wears size:M,Fit:Sizing advice:This item fits to size. Choose your usual size,Composition:Main material:100% cotton,Care:Washing:Machine-wash inside out on a 30°C delicate cycle with similar colours,Care:Ironing:"Iron inside out at a maximum of 150°C, or in case of customised details, at a maximum of 110°C avoiding the customised details"	Cotton	
JMTS01718_DARK BLUE	TEDDY T-SHIRT	color:dark blue	Oversized organic cotton Judo T-shirt for men,Round neckline,Short-sleeved	Fit:Model height:184 cm,Fit:Model wears size:M,General:Made in:Portugal,Composition:Main material:100% cotton,Care:Washing:Machine-wash inside out on a 30°C delicate cycle with similar colours,Care:Ironing:"Iron inside out at a maximum of 110°C, avoiding any customised details"	Cotton	
WMOW01434_DARK BLUE	KLEO PUFFER JACKET	color:dark blue	Tailored-style puffer jacket,Stand-up collar,Button fastening,Flap pockets,Long sleeves	Fit:Model height:186 cm,Fit:Model wears size:M,Fit:Sizing advice:This item fits to size. Choose your usual size,Composition:Main material:100% polyester,Sustainability:Recycled content:Contains 100% recycled polyester,Care:Cleaning:This garment should be dry-cleaned only	Polyester	
KMSW01868_DARK BLUE	TEISS JUMPER 100% CASHMERE	color:dark blue	Jumper in 100% cashmere,Concert embroidery,Round neck,Long sleeves	Fit:Model height:186 cm,Fit:Model wears size:M,Fit:Sizing advice:This item fits to size. Choose your usual size,Composition:Main material:100% cashmere,Care:Washing:Hand-wash or machine-wash on a 20°C wool cycle with a maximum spin speed of 400 rpm,Care:Handling:Do not twist,Care:Drying:Air dry flat,Care:Ironing:"Iron inside out at a maximum of 110°C, avoiding any customised details"	Cashmere	
WMJE01196_LIGHT BLUE	JOHN JEANS	color:light blue	Jeans in 100% cotton,Regular fit,Mid-rise waist,Zip and button fastening,"5 pockets: patch pockets, jean pockets and ticket pocket"	Fit:Model height:189 cm,Fit:Model wears size:M,Fit:Sizing advice:This item fits to size. Choose your usual size,Composition:Main material:100% cotton,Care:Washing:Machine-wash inside out on a 30°C delicate cycle with similar colours,Care:Ironing:"Iron inside out at a maximum of 150°C, or in case of customised details, at a maximum of 110°C avoiding the customised details"	Cotton	
WMSH01362_LATTE	SID SHIRT	color:latte	Cotton voile shirt,Signature wings embroidery,Classic collar,Button fastening,Long sleeves is wearing a size S	Fit:Model height:188 cm,Fit:Sizing advice:This item fits 1 to size. Choose your usual size,Composition:Main material:"55% linen, 45% cotton",Care:Washing:Machine-wash inside out on a 30°C delicate cycle; Do not bleach and do not tumble dry,Care:Ironing:"Iron inside out at a maximum of 150°C, avoiding any customised details"	Linen/Cotton	
WMSH01362_SKY	SID SHIRT	color:sky	Cotton voile shirt,Signature wings embroidery,Classic collar,Button fastening,Long sleeves is wearing a size S	Fit:Model height:188 cm,Fit:Sizing advice:This item fits 1 to size. Choose your usual size,Composition:Main material:"55% linen, 45% cotton",Care:Washing:Machine-wash inside out on a 30°C delicate cycle; Do not bleach and do not tumble dry,Care:Ironing:"Iron inside out at a maximum of 150°C, avoiding any customised details"	Linen/Cotton	
WMBS01067_SKY	PANY BERMUDA SHORTS	color:sky	Bermuda shorts,Embroidery,Zip and button fastening,Patch and piped pockets,Elasticated waist with drawstring	Fit:Model height:186 cm,Fit:Model wears size:38,Fit:Sizing advice:This item fits to size. Choose your usual size,Composition:Main material:"55% linen, 45% cotton",Sustainability:Organic content:Contains 45% organically grown cotton,Care:Cleaning:This garment should be dry-cleaned only,Care:Ironing:"Iron inside out at a maximum of 110°C, avoiding any customised details"	Linen/Cotton	
JMTN01631_BLACK	TUNISIEN MONASTIR	color:black	Tunisian T-shirt,Tunisian collar with 5 buttons,Embroidery on the sleeve,Short sleeves	Fit:Model height:188 cm,Fit:Model wears size:M,Fit:Sizing advice:We recommend buying your usual size,Composition:Main material:100% cotton,Care:Washing:Machine-wash inside out on a 30°C delicate cycle with similar colours,Care:Ironing:"Iron inside out at a maximum of 110°C, avoiding any customised details"	Cotton	
JMTN01631_GREY MELANGE	TUNISIEN MONASTIR	color:grey melange	Tunisian T-shirt,Tunisian collar with 5 buttons,Embroidery on the sleeve,Short sleeves	Fit:Model height:188 cm,Fit:Model wears size:M,Fit:Sizing advice:We recommend buying your usual size,Composition:Main material:100% cotton,Care:Washing:Machine-wash inside out on a 30°C delicate cycle with similar colours,Care:Ironing:"Iron inside out at a maximum of 110°C, avoiding any customised details"	Cotton	
JMTN01631_JUDO	TUNISIEN MONASTIR	color:judo	Tunisian T-shirt,Tunisian collar with 5 buttons,Embroidery on the sleeve,Short sleeves	Fit:Model height:188 cm,Fit:Model wears size:M,Fit:Sizing advice:We recommend buying your usual size,Composition:Main material:100% cotton,Care:Washing:Machine-wash inside out on a 30°C delicate cycle with similar colours,Care:Ironing:"Iron inside out at a maximum of 110°C, avoiding any customised details"	Cotton	
JMTN01631_DARK BLUE	TUNISIEN MONASTIR	color:dark blue	Tunisian T-shirt,Tunisian collar with 5 buttons,Embroidery on the sleeve,Short sleeves	Fit:Model height:188 cm,Fit:Model wears size:M,Fit:Sizing advice:We recommend buying your usual size,Composition:Main material:100% cotton,Care:Washing:Machine-wash inside out on a 30°C delicate cycle with similar colours,Care:Ironing:"Iron inside out at a maximum of 110°C, avoiding any customised details"	Cotton	
WMJE00010_MEDIUM BLUE	MICK JEANS	color:medium blue	Men's fitted jeans,Blue denim,Slim legs,5 pockets,Button fly,Belt loops,Leather label on back	Fit:Model height:188 cm,Fit:Model wears size:30,Fit:Sizing advice:We recommend buying your usual size,Composition:Main material:"99% cotton, 1% elasthane",Care:Washing:Machine-wash your denim garments inside out at a maximum of 30,Care:Washing:"C with similar colours and using liquid detergent. However, we recommend wearing your jeans at least 10 time before washing them"	Cotton/Elasthane	often_bought_with:id:SMSN00093_BLACK
WMJE01201_BRUT	JOHN JEANS	color:brut	Straight jeans in 100% cotton,Zip fastening and belt loops,"5 pockets: applied pockets, jean pockets and ticket pocket",Regular fit	Fit:Model height:191 cm,Fit:Model wears size:M,Fit:Sizing advice:This item fits to size. Choose your usual size,Composition:Main material:100% cotton,Care:Washing:Machine-wash inside out on a 30°C delicate cycle with similar colours,Care:Ironing:"Iron inside out at a maximum of 150°C, or in case of customised details, at a maximum of 110°C avoiding the customised details"	Cotton	
KMSW00683_BLACK	MONASTIR JUMPER	color:black	Men's black 100% merino wool jumper,Henley T-shirt with 5 buttons,Long sleeves and rolled edges	Fit:Model height:183 cm,Fit:Model wears size:M,Fit:Sizing advice:We recommend buying your usual size,Composition:Main material:100% merino wool,Care:Washing:Hand-wash or machine-wash on a 20°C wool cycle with a maximum spin speed of 400 rpm; Do not wring,Care:Drying:Air dry flat,Care:Ironing:"Iron inside out at a maximum of 110°C, avoiding any customised details"	Merino wool	
WMJE00005_BLACK	STEEVE JEANS	color:black	Men's regular-fit jeans,Classic cut,Black denim,Fitted legs,5 pockets,Button fly,Belt loops	Fit:Model height:188 cm,Fit:Model wears size:30,Composition:Main material:"66% cotton, 33% cotton, 1% elastane",Care:Washing:Machine-wash your denim garments inside out at a maximum of 30,Care:Washing:"C with similar colours and using liquid detergent. However, we recommend wearing your jeans at least 10 time before washing them"	Cotton/Elastane	
JMTN01630_GREY MELANGE	TUNISIEN MONASTIR T-SHIRT	color:grey melange	Tunisian T-shirt,Tunisian collar with 5 buttons,Embroidery on the sleeve,Long sleeves	Fit:Model height:186 cm,Fit:Model wears size:M,Fit:Sizing advice:We recommend buying your usual size,Composition:Main material:100% cotton,Care:Washing:Machine-wash inside out on a 30°C delicate cycle with similar colours,Care:Ironing:"Iron inside out at a maximum of 110°C, avoiding any customised details"	Cotton	
JMTN01630_DARK BLUE	TUNISIEN MONASTIR T-SHIRT	color:dark blue	Tunisian T-shirt,Tunisian collar with 5 buttons,Embroidery on the sleeve,Long sleeves	Fit:Model height:186 cm,Fit:Model wears size:M,Fit:Sizing advice:We recommend buying your usual size,Composition:Main material:100% cotton,Care:Washing:Machine-wash inside out on a 30°C delicate cycle with similar colours,Care:Ironing:"Iron inside out at a maximum of 110°C, avoiding any customised details"	Cotton	
JMTN01630_JUDO	TUNISIEN MONASTIR T-SHIRT	color:judo	Tunisian T-shirt,Tunisian collar with 5 buttons,Embroidery on the sleeve,Long sleeves	Fit:Model height:186 cm,Fit:Model wears size:M,Fit:Sizing advice:We recommend buying your usual size,Composition:Main material:100% cotton,Care:Washing:Machine-wash inside out on a 30°C delicate cycle with similar colours,Care:Ironing:"Iron inside out at a maximum of 110°C, avoiding any customised details"	Cotton	
KMCA01286_ANTHRACITE	CLASH CARDIGAN	color:anthracite	100% wool cardigan,Crew neck,Zip fastening,Patch pockets,Long sleeves with contrast double-cuff effect	Fit:Model height:188 cm,Fit:Model wears size:M,Fit:Sizing advice:This item fits 1 to size. Choose your usual size,Composition:Main material:100% merino wool,Care:Washing:Hand-wash or machine-wash on a 20°C wool cycle with a maximum spin speed of 400 rpm; Do not wring,Care:Drying:Air dry flat,Care:Ironing:"Iron inside out at a maximum of 110°C, avoiding any customised details"	Merino wool	
WMJE00012_GREY	MICK JEANS	color:grey	Men's fitted jeans,Grey denim,Slim legs,5 pockets,Button fly,Belt loops,Leather label on back	Fit:Model height:188 cm,Fit:Model wears size:30,Fit:Sizing advice:We recommend buying your usual size,Composition:Main material:"99% cotton, 1% elasthane"	Cotton/Elasthane	
LWBA04538_BLACK	MADISON SMALL BAG	color:black	Madison,Small bag in suede leather,Leather handles,Adjustable and removable leather shoulder strap,Zip fastening,Interior zipped pocket Wings signature,"Carried by hand, on the shoulder or cross-body"	Dimensions:Measurements:31.5 x 18 x 7.5 cm,Composition:Main material:100% cow leather,Composition:Secondary material:100% cow leather,Care:Handling:"Protect your leather item from humidity and any source of heat (radiator, sun)",Care:Handling:Avoid your item coming into contact with water,Care:Handling:It is possible to apply a waterproofing product before first use to protect your item,Care:Handling:Avoid contact or repeated rubbing with light-colored clothing to limit color transfer,Care:Cleaning:"Avoid overfilling your bag to ensure its durability In case of stains, contact a leather professional"	Cow leather	
JMTS01756_HEATHER GREY	TOMMY T-SHIRT	color:heather grey	100% cotton t-shirt,Crew neck,Short sleeves,Customisation	Fit:Model height:187 cm,Fit:Model wears size:M,Fit:Sizing advice:This item fits to size. Choose your usual size,Composition:Main material:100% cotton,Care:Washing:Machine-wash inside out on a 30°C delicate cycle with similar colours,Care:Ironing:"Iron inside out at a maximum of 110°C, avoiding any customised details"	Cotton	
LWBA04538_COGNAC	MADISON SMALL BAG	color:cognac	Madison,Small bag in suede leather,Leather handles,Adjustable and removable leather shoulder strap,Zip fastening,Interior zipped pocket Wings signature,"Carried by hand, on the shoulder or cross-body"	Dimensions:Measurements:31.5 x 18 x 7.5 cm,Composition:Main material:100% cow leather,Composition:Secondary material:100% cow leather,Care:Handling:"Protect your leather item from humidity and any source of heat (radiator, sun)",Care:Handling:Avoid your item coming into contact with water,Care:Handling:It is possible to apply a waterproofing product before first use to protect your item,Care:Handling:Avoid contact or repeated rubbing with light-colored clothing to limit color transfer,Care:Cleaning:"Avoid overfilling your bag to ensure its durability In case of stains, contact a leather professional"	Cow leather	
LWBA04539_BLACK	MADISON MINI SUEDE BAG	color:black	Madison,Mini bag in suede leather,Adjustable and removable crossbody strap,Zip closure Wings signature,Shoulder or cross-body carry	Dimensions:Measurements:25 x 13.5 x 11 cm,Composition:Main material:100% cow leather,Composition:Secondary material:100% cow leather,Care:Handling:"Protect your leather item from humidity and any source of heat (radiator, sun)",Care:Handling:Avoid your item coming into contact with water,Care:Handling:It is possible to apply a waterproofing product before first use to protect your item,Care:Handling:Avoid contact or repeated rubbing with light-colored clothing to limit color transfer,Care:Cleaning:"Avoid overfilling your bag to ensure its durability In case of stains, contact a leather professional"	Cow leather	
LWBA04539_COGNAC	MADISON MINI SUEDE BAG	color:cognac	Madison,Mini bag in suede leather,Adjustable and removable crossbody strap,Zip closure Wings signature,Shoulder or cross-body carry	Dimensions:Measurements:25 x 13.5 x 11 cm,Composition:Main material:100% cow leather,Composition:Secondary material:100% cow leather,Care:Handling:"Protect your leather item from humidity and any source of heat (radiator, sun)",Care:Handling:Avoid your item coming into contact with water,Care:Handling:It is possible to apply a waterproofing product before first use to protect your item,Care:Handling:Avoid contact or repeated rubbing with light-colored clothing to limit color transfer,Care:Cleaning:"Avoid overfilling your bag to ensure its durability In case of stains, contact a leather professional"	Cow leather	
LWBA04416_COGNAC	JIM WESTERN USED BAG	color:cognac		Dimensions:Measurements:39 x 24 x 13 cm,Composition:Main material:100% cow leather,Care:Handling:"Protect your leather item from humidity and any source of heat (radiator, sun)",Care:Cleaning:"Avoid overfilling your bag to ensure its durability In case of stains, contact a leather professional"	Cow leather	
LWBA04494_COGNAC	JIM MINI WESTERN BAG	color:cognac		Dimensions:Strap height:30 cm,Dimensions:Measurements:27 x 15.5 x 10 cm,Composition:Main material:100% cow leather,Care:Handling:"Protect your leather item from humidity and any source of heat (radiator, sun)",Care:Handling:Avoid your item coming into contact with water,Care:Handling:It is possible to apply a waterproofing product before first use to protect your item,Care:Handling:Avoid contact or repeated rubbing with light-colored clothing to limit color transfer,Care:Cleaning:"Avoid overfilling your bag to ensure its durability In case of stains, contact a leather professional"	Cow leather	
LWBA04528_COGNAC	ANGEL TOTE SUEDE BAG	color:cognac	Grained leather tote bag,"Two short top handles and adjustable, removable shoulder strap",Zip closure,Interior patch pocket Wings signature on front,"Hand, shoulder or crossbody carry in"	Dimensions:Width x height x depth:13.0 x 11.0 x 5.9  cm,Composition:Main material:100% cow leather,Composition:Lining:100% cotton	Cow leather	
LWBA04457_BLACK GOLD	JIM MINI SUEDE BAG	color:black gold		Dimensions:Strap height:30 cm,Dimensions:Measurements:27 x 15.5 x 10 cm,Composition:Main material:100% cow leather,Care:Handling:"Protect your leather item from humidity and any source of heat (radiator, sun)",Care:Handling:Avoid your item coming into contact with water,Care:Handling:It is possible to apply a waterproofing product before first use to protect your item,Care:Handling:Avoid contact or repeated rubbing with light-colored clothing to limit color transfer,Care:Cleaning:"Avoid overfilling your bag to ensure its durability In case of stains, contact a leather professional"	Cow leather	
LWSG03871_COGNAC	ANGEL POUCH USED CLUTCH	color:cognac	Used-effect suede clutch,Zip fastening,Interior patch pocket Wings signature	Dimensions:Measurements:28 x 17 cm,Composition:Main material:100% calfskin,Care:Handling:"Protect your leather item from humidity and any source of heat (radiator, sun)",Care:Handling:Avoid your item coming into contact with water,Care:Handling:It is possible to apply a waterproofing product before first use to protect your item,Care:Handling:Avoid contact or repeated rubbing with light-colored clothing to limit color transfer,Care:Cleaning:"Avoid overfilling your bag to ensure its durability In case of stains, contact a leather professional"	Calfskin	
LWBA04322_WOOD	JACK BAG	color:wood	Suede leather bag,Adjustable grained leather handle,Adjustable and removable shoulder strap,Magnetic closure at the back,"Turnlock clasp, signed with wings and crafted like jewellery",Two compartments,Interior zipped pocket,"Carried by hand, shoulder or crossbody",48.5 cm	Dimensions:Strap height:26 - 48.5 cm,Dimensions:Measurements:36 x 25 x 13.5 cm,Composition:Main material:100% cow leather	Cow leather	
LWBA04330_WOOD	JACK MINI WAXY SUEDE BAG	color:wood	Small bag in worn-effect suede leather,Adjustable handle,Removable shoulder strap,Magnetic closure on the back,"Twist clasp, signed with wings and crafted like a jewel",Interior zipped pocket,"Two compartments Carried by hand, on the shoulder or cross-body",53.5 cm	Dimensions:Measurements:24 x 17 x 9 cm,Composition:Main material:100% cow leather,Composition:Lining:100% cotton,Sustainability:Recycled content:Recycled cotton fibers,Care:Handling:"Protect your leather item from humidity and any source of heat (radiator, sun)",Care:Handling:Avoid your item coming into contact with water,Care:Handling:It is possible to apply a waterproofing product before first use to protect your item,Care:Handling:Avoid contact or repeated rubbing with light-colored clothing to limit color transfer,Care:Cleaning:"Avoid overfilling your bag to ensure its durability In case of stains, contact a leather professional"	Cow leather	
LWBA04561_ROAD GREY	JACK SUEDE BAG	color:road grey		Composition:Main material:100% calf leather,Care:Handling:"Protect your leather item from humidity and any source of heat (radiator, sun)",Care:Handling:Avoid your item coming into contact with water,Care:Handling:It is possible to apply a waterproofing product before first use to protect your item,Care:Handling:Avoid contact or repeated rubbing with light-colored clothing to limit color transfer,Care:Cleaning:"Avoid overfilling your bag to ensure its durability In case of stains, contact a leather professional"	Calf leather	
LWBA04562_ROAD GREY	JACK MINI SUEDE BAG	color:road grey		Dimensions:Measurements:24 x 17 x 9 cm,Composition:Main material:100% cow leather,Care:Handling:"Protect your leather item from humidity and any source of heat (radiator, sun)",Care:Handling:Avoid your item coming into contact with water,Care:Handling:It is possible to apply a waterproofing product before first use to protect your item,Care:Handling:Avoid contact or repeated rubbing with light-colored clothing to limit color transfer,Care:Cleaning:"Avoid overfilling your bag to ensure its durability In case of stains, contact a leather professional"	Cow leather	
LWBA04331_BROWNIE	JACK MINI PATENT BAG	color:brownie				
LWBA04329_BLACK	JACK MINI VINTAGE PATENT BAG	color:black		Dimensions:Measurements:24 x 17 x 9 cm,Composition:Main material:100% cow leather	Cow leather	
LWBA04563_WOOD	JIM BAG SUEDE	color:wood		Dimensions:Measurements:39 x 24 x 13 cm,Composition:Main material:100% cow leather,Care:Handling:"Protect your leather item from humidity and any source of heat (radiator, sun)",Care:Handling:Avoid your item coming into contact with water,Care:Handling:It is possible to apply a waterproofing product before first use to protect your item,Care:Handling:Avoid contact or repeated rubbing with light-colored clothing to limit color transfer,Care:Cleaning:"Avoid overfilling your bag to ensure its durability In case of stains, contact a leather professional"	Cow leather	
LWBA04320_BROWNIE	JIM VINTAGE PATENT BAG	color:brownie	Soft vintage-effect leather bag,Adjustable handle,Removable curb chain,Zip closure,Interior patch pocket,Wings signature,"Hand, shoulder or short crossbody carry",57 cm	Dimensions:Strap height:30 cm,Dimensions:Measurements:39 x 24 x 13 cm,Composition:Main material:100% cow leather	Cow leather	
LWBA04310_FLASH	JIM BAG	color:flash	Soft grained leather bag,Adjustable handle,Removable curb chain,Zip closure,Interior patch pocket,Wings signature,"Handheld, shoulder or short crossbody wear",57 cm	Dimensions:Strap height:30 cm,Dimensions:Measurements:39 x 24 x 13 cm,Composition:Main material:100% cow leather,Care:Handling:"Protect your leather item from humidity and any source of heat (radiator, sun)",Care:Handling:Avoid your item coming into contact with water,Care:Handling:Ensure you wear your item with similar colours,Care:Handling:Avoid overfilling your bag to ensure its durability,Care:Cleaning:"Regularly care for your leather item using a colourless nourishing cream for leather, suitable for leather goods",Care:Cleaning:"In case of stains, contact a leather professional"	Cow leather	
LWBA04310_BLACK	JIM BAG	color:black	Soft grained leather bag,Adjustable handle,Removable curb chain,Zip closure,Interior patch pocket,Wings signature,"Handheld, shoulder or short crossbody wear",57 cm	Dimensions:Strap height:30 cm,Dimensions:Measurements:39 x 24 x 13 cm,Composition:Main material:100% cow leather,Care:Handling:"Protect your leather item from humidity and any source of heat (radiator, sun)",Care:Handling:Avoid your item coming into contact with water,Care:Handling:Ensure you wear your item with similar colours,Care:Handling:Avoid overfilling your bag to ensure its durability,Care:Cleaning:"Regularly care for your leather item using a colourless nourishing cream for leather, suitable for leather goods",Care:Cleaning:"In case of stains, contact a leather professional"	Cow leather	
LWBA04462_BLACK	IGGY BAG	color:black	Grained leather bowling bag,Leather handles,Thin adjustable and removable leather shoulder strap,Zip fastening,Interior patch pockets,Hand or shoulder carry,Handle	Dimensions:Height:34 cm,Dimensions:Measurements:34.5 x 30 x 15.5 cm,Composition:Main material:100% cow leather,Care:Handling:"Protect your leather item from humidity and any source of heat (radiator, sun)",Care:Cleaning:"Avoid overfilling your bag to ensure its durability In case of stains, contact a leather professional"	Cow leather	
LWBA04524_SILENT	ROCKY II DENIM BAG	color:silent	Rocky II bag in denim,Adjustable and removable leather shoulder strap,Removable curb chain,Zip and magnetic closure,Flat pocket at the back with zip closure,Interior patch pocket,Signature wings,Shoulder or cross-body carry	Dimensions:Strap height:39 - 51 cm,Dimensions:Measurements:27 x 15.5 x 10 cm,Composition:Main material:"55% cotton, 45% polyester",Composition:Secondary material:100% calf leather,Composition:Lining:100% cotton,Sustainability:Recycled content:Recycled cotton fibers,Sustainability:Recycled content:Recycled polyester fibers,Sustainability:Recycled content:Recycled cotton fibers,Care:Handling:Avoid contact with liquids,Care:Handling:"Keep away from direct sunlight, heat and rain",Care:Handling:"If it gets wet, dry it immediately with a soft cloth",Care:Handling:Never use soap or solvents,Care:Cleaning:"Store it in the case supplied at the time of purchase To clean it, use a soft, dry cloth"	Cotton/Polyester	
LWBA04544_SILENT	ROCK DENIM CLUTCH	color:silent	Rock denim clutch,Two detachable intertwined leather-and-metal chains,Flap with zip and magnetic closure,Small zipped back pocket and interior patch pocket,Signature rhinestone-embellished wings,"Carried by hand, on the shoulder or cross-body"	Dimensions:Strap height:33 - 57 cm,Dimensions:Measurements:27 x 13.5 x 2 cm,Composition:Main material:"55% cotton, 45% polyester",Composition:Secondary material:100% calf leather,Composition:Lining:100% cotton,Sustainability:Recycled content:Recycled cotton fibers,Sustainability:Recycled content:Recycled polyester fibers,Sustainability:Recycled content:Recycled cotton fibers,Care:Handling:Avoid contact with liquids,Care:Handling:"Keep away from direct sunlight, heat and rain",Care:Handling:"If it gets wet, dry it immediately with a soft cloth",Care:Handling:Never use soap or solvents,Care:Cleaning:"Store it in the case supplied at the time of purchase To clean it, use a soft, dry cloth"	Cotton/Polyester	
LWBA04440_SILENT	ROCK MINI CLUTCH DENIM	color:silent	Denim clutch with double leather and metal chains and rhinestone-embellished wings,Mini clutch in denim,Two removable intertwined leather and metal chains,Flap with zip and magnetic closure,Small zipped back pocket and interior patch pocket,Signature rhinestone-embellished wings,"Carried by hand, on the shoulder or cross-body"	Dimensions:Strap height:23 - 61 cm,Dimensions:Measurements:19 x 9 x 2 cm,Composition:Main material:"55% cotton, 45% polyester",Composition:Secondary material:100% calf leather,Composition:Lining:100% cotton,Care:Handling:Avoid contact with liquids,Care:Handling:"Keep away from direct sunlight, heat and rain",Care:Handling:"If it gets wet, dry it immediately with a soft cloth",Care:Handling:Never use soap or solvents,Care:Cleaning:"Store it in the case supplied at the time of purchase To clean it, use a soft, dry cloth"	Cotton/Polyester	
LWBA04487_COGNAC	ROCK MINI CLUTCH WESTERN	color:cognac	Western suede clutch with a distressed effect and signature wings,Mini leather clutch,Two detachable intertwined leather and metal chains,Flap with zip and magnetic closure,Small zipped back pocket and interior patch pocket,Signature wings,"Carried by hand, on the shoulder or cross-body"	Dimensions:Strap height:23 - 61 cm,Dimensions:Measurements:19 x 9 x 2 cm,Composition:Main material:100% calf leather,Composition:Secondary material:100% calf leather,Composition:Lining:100% cotton,Care:Handling:"Protect your leather item from humidity and any source of heat (radiator, sun)",Care:Handling:Avoid your item coming into contact with water,Care:Handling:It is possible to apply a waterproofing product before first use to protect your item,Care:Handling:Avoid contact or repeated rubbing with light-colored clothing to limit color transfer,Care:Cleaning:"Avoid overfilling your bag to ensure its durability In case of stains, contact a leather professional"	Calf leather	
LWBA04487_BLACK	ROCK MINI CLUTCH WESTERN	color:black	Western suede clutch with a distressed effect and signature wings,Mini leather clutch,Two detachable intertwined leather and metal chains,Flap with zip and magnetic closure,Small zipped back pocket and interior patch pocket,Signature wings,"Carried by hand, on the shoulder or cross-body"	Dimensions:Strap height:23 - 61 cm,Dimensions:Measurements:19 x 9 x 2 cm,Composition:Main material:100% calf leather,Composition:Secondary material:100% calf leather,Composition:Lining:100% cotton,Care:Handling:"Protect your leather item from humidity and any source of heat (radiator, sun)",Care:Handling:Avoid your item coming into contact with water,Care:Handling:It is possible to apply a waterproofing product before first use to protect your item,Care:Handling:Avoid contact or repeated rubbing with light-colored clothing to limit color transfer,Care:Cleaning:"Avoid overfilling your bag to ensure its durability In case of stains, contact a leather professional"	Calf leather	
LWBA04434_BLACK	ROCK WESTERN CLUTCH	color:black	Rock clutch in distressed suede,Two removable intertwined leather and metal chains,Flap with zip and magnetic closure,Small zipped back pocket and interior patch pocket,Signature wings,"Carried by hand, on the shoulder or cross-body"	Dimensions:Strap height:33 - 57 cm,Dimensions:Measurements:27 x 13.5 x 2 cm,Composition:Main material:100% calf leather,Composition:Secondary material:100% calf leather,Composition:Lining:100% cotton,Sustainability:Recycled content:Recycled cotton fibers,Care:Handling:"Protect your leather item from humidity and any source of heat (radiator, sun)",Care:Handling:Avoid your item coming into contact with water,Care:Handling:It is possible to apply a waterproofing product before first use to protect your item,Care:Handling:Avoid contact or repeated rubbing with light-colored clothing to limit color transfer,Care:Cleaning:"Avoid overfilling your bag to ensure its durability In case of stains, contact a leather professional"	Calf leather	
LWBA04525_COGNAC	ROCKY II WESTERN USED BAG	color:cognac	Suede leather bag with distressed effect,Adjustable and removable leather shoulder strap,Removable curb chain,Zip and magnetic closure,Flat pocket at the back with magnetic closure,Interior patch pocket,Signature wings,Shoulder or cross-body carry	Dimensions:Strap height:39 - 51 cm,Dimensions:Measurements:27 x 15.5 x 10 cm,Composition:Main material:100% cow leather,Care:Handling:"Protect your leather item from humidity and any source of heat (radiator, sun)",Care:Handling:Avoid your item coming into contact with water,Care:Handling:It is possible to apply a waterproofing product before first use to protect your item,Care:Handling:Avoid contact or repeated rubbing with light-colored clothing to limit color transfer,Care:Cleaning:"Avoid overfilling your bag to ensure its durability In case of stains, contact a leather professional"	Cow leather	
LWBA04382_BLACK	ROCK SOFT WILD CLUTCH	color:black	Rock python-effect leather clutch,Two removable intertwined leather and metal chains,Flap with zip and magnetic closure,Small zipped back pocket and interior patch pocket,Rhinestone-embellished wings signature,"Carried by hand, on the shoulder or cross-body"	Dimensions:Strap height:33 - 57 cm,Dimensions:Measurements:27 x 13.5 x 2 cm,Composition:Main material:100% cow leather,Care:Handling:"Protect your leather item from humidity and any source of heat (radiator, sun)",Care:Cleaning:"Avoid overfilling your bag to ensure its durability In case of stains, contact a leather professional"	Cow leather	
LWBA04429_BLACK	ROCK MINI SOFT WILD CLUTCH	color:black	Python-effect leather clutch with signature rhinestone-embellished wings,Mini python-effect leather clutch,Two detachable leather and metal intertwined chains,Flap with zip and magnetic closure,Small zipped back pocket and interior patch pocket,Signature rhinestone-embellished wings,"Carried by hand, on the shoulder or cross-body"	Dimensions:Strap height:23 - 61 cm,Dimensions:Measurements:19 x 9 x 2 cm,Composition:Main material:100% cow leather	Cow leather	
LWBA03975_FLASH	ROCK MINI CLUTCH	color:flash	Rock Nano Pochette in grained leather,Two removable chains interwoven with leather and metal,Flap with zip and magnetic closure,Small zipped back pocket and interior patch pocket,Signature wings adorned with rhinestones,"Can be carried by hand, shoulder or cross-body",Can hold a mobile phone with a dimension of 6.1 inches or less (e.g	Dimensions:Strap height:21 cm and 61 cm,Dimensions:Measurements:19 x 11 cm,Composition:Main material:100% cow leather,Care:Handling:"Protect your leather item from humidity and any source of heat (radiator, sun)",Care:Handling:Avoid your item coming into contact with water,Care:Handling:Ensure you wear your item with similar colours,Care:Handling:Avoid overfilling your bag to ensure its durability,Care:Cleaning:"Regularly care for your leather item using a colourless nourishing cream for leather, suitable for leather goods",Care:Cleaning:"In case of stains, contact a leather professional"	Cow leather	
LWBA03975_RECORD	ROCK MINI CLUTCH	color:record	Rock Nano Pochette in grained leather,Two removable chains interwoven with leather and metal,Flap with zip and magnetic closure,Small zipped back pocket and interior patch pocket,Signature wings adorned with rhinestones,"Can be carried by hand, shoulder or cross-body",Can hold a mobile phone with a dimension of 6.1 inches or less (e.g	Dimensions:Strap height:21 cm and 61 cm,Dimensions:Measurements:19 x 11 cm,Composition:Main material:100% cow leather,Care:Handling:"Protect your leather item from humidity and any source of heat (radiator, sun)",Care:Handling:Avoid your item coming into contact with water,Care:Handling:Ensure you wear your item with similar colours,Care:Handling:Avoid overfilling your bag to ensure its durability,Care:Cleaning:"Regularly care for your leather item using a colourless nourishing cream for leather, suitable for leather goods",Care:Cleaning:"In case of stains, contact a leather professional"	Cow leather	
LWBA03975_ROAD GREY	ROCK MINI CLUTCH	color:road grey	Rock Nano Pochette in grained leather,Two removable chains interwoven with leather and metal,Flap with zip and magnetic closure,Small zipped back pocket and interior patch pocket,Signature wings adorned with rhinestones,"Can be carried by hand, shoulder or cross-body",Can hold a mobile phone with a dimension of 6.1 inches or less (e.g	Dimensions:Strap height:21 cm and 61 cm,Dimensions:Measurements:19 x 11 cm,Composition:Main material:100% cow leather,Care:Handling:"Protect your leather item from humidity and any source of heat (radiator, sun)",Care:Handling:Avoid your item coming into contact with water,Care:Handling:Ensure you wear your item with similar colours,Care:Handling:Avoid overfilling your bag to ensure its durability,Care:Cleaning:"Regularly care for your leather item using a colourless nourishing cream for leather, suitable for leather goods",Care:Cleaning:"In case of stains, contact a leather professional"	Cow leather	
LWBA03975_EMERALD	ROCK MINI CLUTCH	color:emerald	Rock Nano Pochette in grained leather,Two removable chains interwoven with leather and metal,Flap with zip and magnetic closure,Small zipped back pocket and interior patch pocket,Signature wings adorned with rhinestones,"Can be carried by hand, shoulder or cross-body",Can hold a mobile phone with a dimension of 6.1 inches or less (e.g	Dimensions:Strap height:21 cm and 61 cm,Dimensions:Measurements:19 x 11 cm,Composition:Main material:100% cow leather,Care:Handling:"Protect your leather item from humidity and any source of heat (radiator, sun)",Care:Handling:Avoid your item coming into contact with water,Care:Handling:Ensure you wear your item with similar colours,Care:Handling:Avoid overfilling your bag to ensure its durability,Care:Cleaning:"Regularly care for your leather item using a colourless nourishing cream for leather, suitable for leather goods",Care:Cleaning:"In case of stains, contact a leather professional"	Cow leather	
LWBA03975_DEEP PURPLE	ROCK MINI CLUTCH	color:deep purple	Rock Nano Pochette in grained leather,Two removable chains interwoven with leather and metal,Flap with zip and magnetic closure,Small zipped back pocket and interior patch pocket,Signature wings adorned with rhinestones,"Can be carried by hand, shoulder or cross-body",Can hold a mobile phone with a dimension of 6.1 inches or less (e.g	Dimensions:Strap height:21 cm and 61 cm,Dimensions:Measurements:19 x 11 cm,Composition:Main material:100% cow leather,Care:Handling:"Protect your leather item from humidity and any source of heat (radiator, sun)",Care:Handling:Avoid your item coming into contact with water,Care:Handling:Ensure you wear your item with similar colours,Care:Handling:Avoid overfilling your bag to ensure its durability,Care:Cleaning:"Regularly care for your leather item using a colourless nourishing cream for leather, suitable for leather goods",Care:Cleaning:"In case of stains, contact a leather professional"	Cow leather	
LWBA03975_BROWNIE	ROCK MINI CLUTCH	color:brownie	Rock Nano Pochette in grained leather,Two removable chains interwoven with leather and metal,Flap with zip and magnetic closure,Small zipped back pocket and interior patch pocket,Signature wings adorned with rhinestones,"Can be carried by hand, shoulder or cross-body",Can hold a mobile phone with a dimension of 6.1 inches or less (e.g	Dimensions:Strap height:21 cm and 61 cm,Dimensions:Measurements:19 x 11 cm,Composition:Main material:100% cow leather,Care:Handling:"Protect your leather item from humidity and any source of heat (radiator, sun)",Care:Handling:Avoid your item coming into contact with water,Care:Handling:Ensure you wear your item with similar colours,Care:Handling:Avoid overfilling your bag to ensure its durability,Care:Cleaning:"Regularly care for your leather item using a colourless nourishing cream for leather, suitable for leather goods",Care:Cleaning:"In case of stains, contact a leather professional"	Cow leather	
LWBA04211_TANDEM	ROCK MACRAME CLUTCH	color:tandem	Clutch with double leather and metal chains and rhinestone-embellished wings,Macram - clutch,Tricolour wave print,Two detachable intertwined leather and metal chains,Flap with zip and magnetic closure,Small zipped back pocket and interior patch pocket,Rhinestone-embellished wings signature,"Hand, shoulder or cross-body carry"	Dimensions:Strap height:33 - 57 cm,Dimensions:Measurements:27 x 13 x 2 cm,Composition:Main material:100% cotton,Composition:Secondary material:"65% cotton, 35% cotton",Composition:Lining:100% cotton,Sustainability:Recycled content:Recycled cotton fibers,Sustainability:Recycled content:Recycled cotton fibers,Sustainability:Recycled content:Recycled cotton fibers,Care:Handling:Avoid direct exposure to light and heat sources,Care:Handling:"Avoid contact with oils, cosmetics and perfumes",Care:Handling:Store the product in the protective pouch when not in use	Cotton	
LWBA04211_FLASH	ROCK MACRAME CLUTCH	color:flash	Clutch with double leather and metal chains and rhinestone-embellished wings,Macram - clutch,Tricolour wave print,Two detachable intertwined leather and metal chains,Flap with zip and magnetic closure,Small zipped back pocket and interior patch pocket,Rhinestone-embellished wings signature,"Hand, shoulder or cross-body carry"	Dimensions:Strap height:33 - 57 cm,Dimensions:Measurements:27 x 13 x 2 cm,Composition:Main material:100% cotton,Composition:Secondary material:"65% cotton, 35% cotton",Composition:Lining:100% cotton,Sustainability:Recycled content:Recycled cotton fibers,Sustainability:Recycled content:Recycled cotton fibers,Sustainability:Recycled content:Recycled cotton fibers,Care:Handling:Avoid direct exposure to light and heat sources,Care:Handling:"Avoid contact with oils, cosmetics and perfumes",Care:Handling:Store the product in the protective pouch when not in use	Cotton	
LWBA04211_WOOD	ROCK MACRAME CLUTCH	color:wood	Clutch with double leather and metal chains and rhinestone-embellished wings,Macram - clutch,Tricolour wave print,Two detachable intertwined leather and metal chains,Flap with zip and magnetic closure,Small zipped back pocket and interior patch pocket,Rhinestone-embellished wings signature,"Hand, shoulder or cross-body carry"	Dimensions:Strap height:33 - 57 cm,Dimensions:Measurements:27 x 13 x 2 cm,Composition:Main material:100% cotton,Composition:Secondary material:"65% cotton, 35% cotton",Composition:Lining:100% cotton,Sustainability:Recycled content:Recycled cotton fibers,Sustainability:Recycled content:Recycled cotton fibers,Sustainability:Recycled content:Recycled cotton fibers,Care:Handling:Avoid direct exposure to light and heat sources,Care:Handling:"Avoid contact with oils, cosmetics and perfumes",Care:Handling:Store the product in the protective pouch when not in use	Cotton	
LWBA04397_EMERALD	Z SHOPPER PUNK BAG	color:emerald	Shopper punk coated canvas bag,Monogram print,Slightly curved handles,Reinforced leather corners,1 interior zip pocket,Shoulder carry,Handle	Dimensions:Height:26 cm,Dimensions:Measurements:44 x 24.5 x 17 cm,Composition:Main material:"67% polyurethane, 33% polyester",Composition:Secondary material:100% cow leather,Composition:Lining:100% cotton,Sustainability:Recycled content:Recycled polyester fibers,Sustainability:Recycled content:Recycled cotton fibers,Care:Handling:Avoid contact with liquids,Care:Handling:"Keep away from direct sunlight, heat and rain",Care:Handling:"If it gets wet, dry it immediately with a soft cloth",Care:Handling:Never use soap or solvents,Care:Cleaning:"Store it in the case supplied at the time of purchase To clean it, use a soft, dry cloth"	Polyurethane/Polyester	
LWSG03804_WOOD	ANGEL CLUTCH	color:wood	Smooth leather clutch,Embossed wings signature,Leather wrist strap,Zip fastening,Interior patch pockets	Dimensions:Measurements:28 x 17 x 2 cm,Composition:Main material:100% cow leather,Composition:Lining:100% cotton,Care:Handling:"Protect your leather item from humidity and any source of heat (radiator, sun)",Care:Cleaning:"Avoid overfilling your bag to ensure its durability In case of stains, contact a leather professional"	Cow leather	
LWBA04556_LOVE	Z SHOPPER XL MONOGRAM BAG	color:love	Shopper XL,Monogram,Bag in coated canvas,Monogram print,Double handles,1 interior pocket,Carried by hand or on the shoulder,Handle	Dimensions:Height:28 cm,Dimensions:Measurements:55 x 30 x 23 cm,Composition:Main material:"54% polyurethane, 46% polyester",Composition:Secondary material:100% cow leather,Composition:Lining:100% cotton,Sustainability:Recycled content:Recycled polyester fibers,Sustainability:Recycled content:Recycled cotton fibers,Care:Handling:Avoid contact with liquids,Care:Handling:"Keep away from direct sunlight, heat and rain",Care:Handling:"If it gets wet, dry it immediately with a soft cloth",Care:Handling:Never use soap or solvents,Care:Cleaning:"Store it in the case supplied at the time of purchase To clean it, use a soft, dry cloth"	Polyurethane/Polyester	
LWBA04555_LOVE	Z SHOPPER MONOGRAM BAG	color:love	Monogram,Shopper bag in coated canvas,Monogram print,Handle,Shoulder carry	Dimensions:Height:26 cm,Dimensions:Measurements:49 x 27 x 15 cm,Composition:Main material:"54% polyurethane, 46% polyester",Composition:Secondary material:100% cow leather,Composition:Lining:100% cotton,Sustainability:Recycled content:Recycled polyester fibers,Sustainability:Recycled content:Recycled cotton fibers,Care:Handling:Avoid contact with liquids,Care:Handling:"Keep away from direct sunlight, heat and rain",Care:Handling:"If it gets wet, dry it immediately with a soft cloth",Care:Handling:Never use soap or solvents,Care:Cleaning:"Store it in the case supplied at the time of purchase To clean it, use a soft, dry cloth"	Polyurethane/Polyester	
LWBA04493_FLASH	Z SHOPPER XL MONOGRAM TENNIS	color:flash		Composition:Main material:"67% polyurethane, 33% polyester",Composition:Secondary material:100% cow leather,Composition:Lining:100% cotton,Sustainability:Recycled content:Recycled polyester fibers,Sustainability:Recycled content:Recycled cotton fibers	Polyurethane/Polyester	
LWBA04521_FLASH	Z SHOPPER MONOGRAM TENNIS BAG	color:flash	Shopper,Monogram coated canvas bag,Monogram print,Slightly curved handles,Reinforced leather corners,1 interior zip pocket,ZV monogram signature,Shoulder carry,Handle	Dimensions:Height:26 cm,Dimensions:Measurements:44 x 24.5 x 17 cm,Composition:Main material:"67% polyurethane, 33% polyester",Composition:Secondary material:100% cow leather,Composition:Lining:100% cotton,Care:Handling:Avoid contact with liquids,Care:Handling:"Keep away from direct sunlight, heat and rain",Care:Handling:"If it gets wet, dry it immediately with a soft cloth",Care:Handling:Never use soap or solvents,Care:Cleaning:"Store it in the case supplied at the time of purchase To clean it, use a soft, dry cloth"	Polyurethane/Polyester	
LWBA04552_BLACK	SUNNY MINI STUDS BAG	color:black	Small leather bag,Studded details,Adjustable shoulder strap,2 zipped gussets to expand the bag,Zip closure,Interior zipped pocket,"Carried by hand, on the shoulder or crossbody"	Dimensions:Measurements:10.5 x 16.5 cm,Composition:Main material:100% calf leather,Care:Handling:"Protect your leather item from humidity and any source of heat (radiator, sun)",Care:Cleaning:"Avoid overfilling your bag to ensure its durability In case of stains, contact a leather professional"	Calf leather	
LWBA04551_BLACK	SUNNY SMALL STUDS BAG	color:black	Small grained leather bowling-style bag with studded details,Small leather bag,Studded details,Adjustable shoulder strap,2 zipped gussets to expand the bag,Zip fastening,Interior zipped pocket,"Carried by hand, on the shoulder or cross-body"	Dimensions:Measurements:14 x 23 cm,Composition:Main material:100% calf leather,Care:Handling:"Protect your leather item from humidity and any source of heat (radiator, sun)",Care:Cleaning:"Avoid overfilling your bag to ensure its durability In case of stains, contact a leather professional"	Calf leather	
LWBA04550_BLACK	SUNNY MEDIUM STUDS BAG	color:black	Leather bag,Studded details,2 leather handles,Adjustable and removable shoulder strap,2 zipped gussets to expand the bag,Zip fastening,Interior zipped pocket,"Carried by hand, on the shoulder or cross-body"	Dimensions:Measurements:34 x 23 x 17 cm,Composition:Main material:100% calf leather,Care:Handling:"Protect your leather item from humidity and any source of heat (radiator, sun)",Care:Cleaning:"Avoid overfilling your bag to ensure its durability In case of stains, contact a leather professional"	Calf leather	
LWBA04244_BLACK	ROCKY II VINTAGE PATENT STUDS	color:black	Vintage-effect leather bag,Stud details across the entire bag,Adjustable and removable leather strap,Removable curb chain,Zip and magnetic closure,Applied exterior zip pocket,Applied interior pocket,Rhinestone-embellished wings signature,Shoulder or cross-body wear	Dimensions:Strap height:39 - 51 cm,Dimensions:Measurements:27 x 15.5 x 10 cm,Composition:Main material:100% cow leather,Care:Handling:"Protect your leather item from humidity and any source of heat (radiator, sun)",Care:Handling:Avoid your item coming into contact with water,Care:Handling:Ensure you wear your item with similar colours,Care:Handling:Avoid overfilling your bag to ensure its durability,Care:Cleaning:"Regularly care for your leather item using a colourless nourishing cream for leather, suitable for leather goods",Care:Cleaning:"In case of stains, contact a leather professional"	Cow leather	
WHAP2019F_BLACK	ROCKY BAG - BAG WOMEN'S | ZADIG	color:black				accessory:id:WJAP4028F_BLACK
WKAP2001F_BLACK	ROCK SWING YOUR WINGS BAG	color:black	2 removable chains,Worn on the shoulder or across the body	Dimensions:Width x height x depth:27 x 13 x 2 cm		accessory:id:OWSA00019_CHANCE,accessory:id:OWSA00061_RAINBOW,accessory:id:WKAV9201F_DEEP
WHAP2018F_BLACK	ROCK GRAINED STUDS	color:black				accessory:id:WJAP4028F_BLACK
LWBA00211_FLASH	ROCK NANO SWING YOUR WINGS	color:flash	Women's black grained leather Rock Nano clutch,Removable wings,Flap with magnetic closure,Removable leather and metal chain,Zipped back pocket	Dimensions:Width x height:17.5 x 9 cm,Composition:Main material:100% cow leather,Care:Handling:Do not expose your item to a source of heat or to sunlight for a prolonged period,Care:Handling:Avoid routinely overloading your handbag or clutch,Care:Handling:"To prolong its life, store your item in a dust bag and pad it with tissue paper to maintain its shape",Care:Drying:"In the event of accidental exposure to water, leave your item to dry at room temperature, away from direct light",Care:Cleaning:"To maintain the shine of your smooth or grained leather item, use a leather cream or polish"	Cow leather	
LWBA03974_BLACK	ROCK MINI QUILTED CLUTCH	color:black	Iconic Rock Nano pochette in black quilted leather for women,Flap with magnetic closure,"Two removable chains, one interwoven with leather and one in metal",Zipped back pocket,Wings adorned with rhinestones,"Can be carried by hand, on the shoulder or cross-body",Can hold a mobile phone with a dimension of 6.1 inches or less	Dimensions:Strap height:23 cm,Dimensions:Measurements:19 x 9 cm,Composition:Main material:100% lambskin,Care:Handling:Lambskin is extremely fragile and deserves to be treated with delicacy,Care:Handling:"Protect your leather item from humidity and any source of heat (radiator, sun)",Care:Cleaning:"Avoid overfilling your bag to ensure its durability In case of stains, contact a leather professional"	Lambskin	
LWBA03974_FLASH	ROCK MINI QUILTED CLUTCH	color:flash	Iconic Rock Nano pochette in black quilted leather for women,Flap with magnetic closure,"Two removable chains, one interwoven with leather and one in metal",Zipped back pocket,Wings adorned with rhinestones,"Can be carried by hand, on the shoulder or cross-body",Can hold a mobile phone with a dimension of 6.1 inches or less	Dimensions:Strap height:23 cm,Dimensions:Measurements:19 x 9 cm,Composition:Main material:100% lambskin,Care:Handling:Lambskin is extremely fragile and deserves to be treated with delicacy,Care:Handling:"Protect your leather item from humidity and any source of heat (radiator, sun)",Care:Cleaning:"Avoid overfilling your bag to ensure its durability In case of stains, contact a leather professional"	Lambskin	
SWCT02150_COGNAC	IGATA ANKLE BOOTS	color:cognac	Chelsea ankle boots in suede leather,Embroidery,Square toe,Elasticated closure,Brushed effect for a vintage look,Comfort insole	Fit:Sizing advice:This item fits to size. We recommend choosing your usual size,Composition:Upper:100% cow leather,Care:Handling:"Protect your leather item from humidity and any source of heat (radiator, sun)"		
SWCT02173_SAHARA	TEX LOW SUEDE ANKLE BOOTS	color:sahara	Suede leather boots,Embroidery,Zip fastening,5 cm heel Wings signature on top and at the back	Fit:Sizing advice:This item fits to size. We recommend choosing your usual size,Composition:Upper:100% cow leather,Care:Handling:"Protect your leather item from humidity and any source of heat (radiator, sun)"		
SWSN01662_BRANDY	ZV DANCE LEO PONY TRAINERS	color:brandy	Leather trainers,Leopard-print pony effect,Western cutouts,Lace-up fastening,Removable insole,ZV logo Wings signature,Flat sole	Fit:Sizing advice:We recommend choosing your usual size,Composition:Upper:100% cow leather,Composition:Lining:100% sheepskin,Composition:Lining:100% cotton,Care:Handling:"Protect your leather item from moisture and any heat source (radiator, sunlight); Avoid any contact of your item with water"		
SWSN01635_COGNAC	ZV DANCE SNEAKERS	color:cognac	Leather trainers,Western cut-out,Signature lace-up closure,Signature,Flat sole	Fit:Sizing advice:we recommend choosing one size UP from your usual size,Composition:Main material:100% cow leather,Care:Handling:"Protect your leather item from moisture and any heat source (radiator, sunlight); Avoid any contact of your item with water"	Cow leather	
SWSN01636_ICE	ZV DANCE VINTAGE SNEAKERS	color:ice	Crinkled-effect leather trainers,Western cut-outs,Lace-up fastening,Signature wings,Removable insole	Fit:Sizing advice:we recommend choosing one size UP from your usual size,Composition:Main material:100% cow leather,Care:Handling:"Protect your leather item from moisture and any heat source (radiator, sunlight); Avoid any contact of your item with water"	Cow leather	
SWSN01638_SILENT	ZV DANCE SNEAKERS	color:silent	Denim effect with western cut-outs,Lace-up fastening,Wing signature,Removable insole	Fit:Sizing advice:we recommend choosing one size UP from your usual size,Composition:Main material:100% cotton,Care:Handling:"Protect your leather item from moisture and any heat source (radiator, sunlight); Avoid any contact of your item with water"	Cotton	
SWSN00426_WHITE	LA FLASH CHUNKY SNEAKERS	color:white	Lightning bolt panel,Branded tongue and chunky sole,100% CALFSKIN	General:Made in:Portugal		
SWSN00427_WHITE	ZV1747 HIGH CHUNKY SNEAKERS	color:white	Women's white smooth leather high-top trainers with laces and zip,Lightning bolt panel,Branded chunky wedge insole,"Platform insole: 2,7 cm"	Fit:Sizing advice:We recommend buying your usual size,General:Made in:Portugal,Composition:Main material:"100% calfskin, 100% calf leather",Care:Handling:"Protect your leather item from humidity and any source of heat (radiator, sun)",Care:Handling:Avoid your item coming into contact with water,Care:Handling:Regularly maintain the shine of your smooth or grained leather shoes with a leather polish	Calfskin/Calf leather	
SWSN00431_BLACK	ZV1747 HIGH-TOP TRAINERS	color:black	Women's high-top trainers with laces and zip,Mix of distressed leather and suede panel,Smooth leather lightning bolt panel and Zadig&Voltaire branded laces,"Platform insole: 2,7 cm"	Fit:Sizing advice:We recommend buying your usual size,General:Made in:Portugal,Composition:Main material:100% cow leather,Care:Handling:"Protect your leather item from humidity and any source of heat (radiator, sun)",Care:Handling:Avoid your item coming into contact with water,Care:Handling:Regularly maintain the shine of your smooth or grained leather shoes with a leather polish	Cow leather	
SWCT02097_CARAMELO	ANGIE GOURMETTE MULES	color:caramelo	Leather mules,Square toe,Branded plaque and roller buckle,Wings signature on upper,Comfortable insole,Flat heel	Fit:Sizing advice:This item fits 1 to size. We recommend choosing your usual size,Composition:Main material:100% cow leather,Care:Handling:"Protect your leather item from humidity and any source of heat (radiator, sun)",Care:Handling:Avoid your item coming into contact with water,Care:Handling:Ensure you wear your item with similar colours,Care:Handling:Avoid overfilling your bag to ensure its durability,Care:Cleaning:"Regularly care for your leather item using a colourless nourishing cream for leather, suitable for leather goods",Care:Cleaning:"In case of stains, contact a leather professional"	Cow leather	
SWCT02097_BLACK	ANGIE GOURMETTE MULES	color:black	Leather mules,Square toe,Branded plaque and roller buckle,Wings signature on upper,Comfortable insole,Flat heel	Fit:Sizing advice:This item fits 1 to size. We recommend choosing your usual size,Composition:Main material:100% cow leather,Care:Handling:"Protect your leather item from humidity and any source of heat (radiator, sun)",Care:Handling:Avoid your item coming into contact with water,Care:Handling:Ensure you wear your item with similar colours,Care:Handling:Avoid overfilling your bag to ensure its durability,Care:Cleaning:"Regularly care for your leather item using a colourless nourishing cream for leather, suitable for leather goods",Care:Cleaning:"In case of stains, contact a leather professional"	Cow leather	
SWCT02130_CARAMELO	BEACH MONOGRAM MULES	color:caramelo	Leather mules,Open square toe,Embossed wings signature,Embroidered foam insole	Fit:Sizing advice:This item fits to size. We recommend choosing your usual size,Composition:Main material:100% calf leather,Care:Handling:"Protect your leather item from humidity and any source of heat (radiator, sun)",Care:Handling:Avoid your item coming into contact with water,Care:Handling:Ensure you wear your item with similar colours,Care:Handling:Avoid overfilling your bag to ensure its durability,Care:Cleaning:"Regularly care for your leather item using a colourless nourishing cream for leather, suitable for leather goods",Care:Cleaning:"In case of stains, contact a leather professional"	Calf leather	
SWCT02119_BROWNIE	MULES TEDDY BARE VINTAGE	color:brownie	Leather mules,Open toe,"Padded, embroidered leather",Metallic wing,Comfort insole	Fit:Sizing advice:This item fits to size. We recommend choosing your usual size,Composition:Main material:100% cow leather,Care:Handling:"Protect your leather item from humidity and any source of heat (radiator, sun)",Care:Handling:Avoid your item coming into contact with water,Care:Handling:Ensure you wear your item with similar colours,Care:Cleaning:"Regularly care for your leather item using a colourless nourishing cream for leather, suitable for leather goods",Care:Cleaning:"Avoid overfilling your bag to ensure its durability In case of stains, contact a leather professional"	Cow leather	
SWCT00864_BLACK	IGATA LOW BOOTS	color:black	Women's black vegetable tanned leather zip-up low ankle boots,Tab with press stud,"Overstitching, strap and leather reinforcement","O-ring with harness straps, chain and metal wings",Square toe,Heel	Fit:Sizing advice:We recommend buying your usual size,Dimensions:Height:4.5 cm,General:Made in:Spain,Composition:Main material:100% calfskin,Care:Handling:"Protect your leather item from humidity and any source of heat (radiator, sun)",Care:Handling:Avoid your item coming into contact with water,Care:Handling:Regularly maintain the shine of your smooth or grained leather shoes with a leather polish	Calfskin	
SWCT00865_COMFY	IGATA BOOTS	color:comfy	Women's black vegetable-tanned leather long ankle boots with zip,Press stud tab,"Overstitching, strap and leather reinforcement","Panels, ring, metal chain and wings",Square toes,Heel	Fit:Sizing advice:We recommend buying your usual size,Dimensions:Height:4.5 cm,General:Made in:Spain,Composition:Main material:100% calfskin,Care:Handling:"Protect your leather item from humidity and any source of heat (radiator, sun)",Care:Handling:Avoid your item coming into contact with water,Care:Handling:Regularly maintain the shine of your smooth or grained leather shoes with a leather polish	Calfskin	
SWCT02127_WOOD	ANGIE SUEDE BOOTS	color:wood	Biker-inspired leather boots,Harness with curb chain plate,Wings signature,Ridged soles	Fit:Sizing advice:This item fits to size. We recommend choosing your usual size,Composition:Main material:100% calfskin,Care:Handling:"Protect your leather item from humidity and any source of heat (radiator, sun)",Care:Handling:Avoid your item coming into contact with water,Care:Handling:Ensure you wear your item with similar colours,Care:Handling:Avoid overfilling your bag to ensure its durability,Care:Cleaning:"Regularly care for your leather item using a colourless nourishing cream for leather, suitable for leather goods",Care:Cleaning:"In case of stains, contact a leather professional"	Calfskin	
SWCT01921_FLASH	CARA BOOTS	color:flash	Women's Flash ivory leather ankle boots,"Contrasting butterfly wing embroidery, western stitching, and signature raised wings at the back",Side tabs,"Pointed toe, asymmetrical sole, and bevelled heel",Contrasting interior and sole,Heel	Fit:Sizing advice:We recommend buying your usual size,Dimensions:Height:4.5 cm,General:Made in:Portugal,Composition:Main material:100% cow leather,Care:Handling:"Protect your leather item from humidity and any source of heat (radiator, sun)",Care:Handling:Avoid your item coming into contact with water,Care:Handling:Regularly maintain the shine of your smooth or grained leather shoes with a leather polish	Cow leather	
SWCT02026_BLACK	CARA BOOTS	color:black	Women's black leather ankle boots,"Butterfly wing embroidery, western stitching, and signature metal wings at the back",Side loops,"Pointed toe, asymmetrical sole, and angled heel",Heel	Fit:Sizing advice:We recommend buying your usual size,Dimensions:Height:4.5 cm,General:Made in:Portugal,Composition:Main material:100% cow leather,Care:Handling:"Protect your leather item from humidity and any source of heat (radiator, sun)",Care:Handling:Avoid your item coming into contact with water,Care:Handling:Regularly maintain the shine of your smooth or grained leather shoes with a leather polish	Cow leather	
OWLI00033_BLACK	FROM HEAD TO TOE	color:black	Black ribbed cotton socks,Contrasting bands and sequin trim,Come with a Zadig&Voltaire box	Composition:Main material:"72% cotton, 24% polyester, 2% elastane, 2% metallic fiber"	Cotton/Polyester/Elastane	
LWSG03804_TANDEM	ANGEL CLUTCH	color:tandem	Smooth leather clutch,Embossed wings signature,Leather wrist strap,Zip fastening,Interior patch pockets	Dimensions:Measurements:28 x 17 x 2 cm,Composition:Main material:100% cow leather,Composition:Lining:100% cotton,Care:Handling:"Protect your leather item from humidity and any source of heat (radiator, sun)",Care:Cleaning:"Avoid overfilling your bag to ensure its durability In case of stains, contact a leather professional"	Cow leather	
LWSG03868_FLASH	Z POUCH MONOGRAM TENNIS CLUTCH	color:flash	Tennis and wings signature tags,Pouch clutch in coated canvas,Monogram print,Zip closure,Interior patch pocket,Tennis and wings tags	Dimensions:Measurements:24 x 15 cm,Composition:Main material:"67% polyurethane, 33% polyester",Composition:Secondary material:100% cow leather,Composition:Lining:100% cotton,Sustainability:Recycled content:Recycled polyester fibers,Sustainability:Recycled content:Recycled cotton fibers,Care:Handling:Avoid contact with liquids,Care:Handling:"Keep away from direct sunlight, heat and rain",Care:Handling:"If it gets wet, dry it immediately with a soft cloth",Care:Handling:Never use soap or solvents,Care:Cleaning:"Store it in the case supplied at the time of purchase To clean it, use a soft, dry cloth"	Polyurethane/Polyester	
LWSG03747_POWER	ANGEL POUCH	color:power	Pouch in patent leather,Zipped closure with leather strap,Patch interior pockets,Embossed wings signature tone on tone	Dimensions:Measurements:28 x 17 cm,Composition:Main material:100% calf leather,Care:Handling:"Protect your leather item from humidity and any source of heat (radiator, sun); Avoid your item coming into contact with water",Care:Cleaning:"Regularly care for your leather item using a colourless nourishing cream for leather, suitable for leather goods",Care:Cleaning:"In case of stains, contact a leather professional"	Calf leather	
LWSG03742_BLACK	ANGEL POUCH CLUTCH	color:black	Grained leather pochette,Zip closure with leather strap,4 interior card compartments,Ring on the side to attach an object or inside the Angel tote bag,Tone-on-tone embossed wings	Dimensions:Measurements:17 x 17 x 28 cm,Composition:Main material:100% cow leather,Care:Handling:"Protect your leather item from humidity and any source of heat (radiator, sun)",Care:Handling:Avoid your item coming into contact with water,Care:Handling:Ensure you wear your item with similar colours,Care:Handling:Avoid overfilling your bag to ensure its durability,Care:Cleaning:"Regularly care for your leather item using a colourless nourishing cream for leather, suitable for leather goods",Care:Cleaning:"In case of stains, contact a leather professional"	Cow leather	
LWSG03720_EPIC	Z MONOGRAM TAG POUCH	color:epic	Monogram canvas clutch,Tag details,Zip closure with leather wristlet,Interior slip pockets,Signature wings	Dimensions:Measurements:24 x 15 cm,Composition:Main material:"67% polyurethane, 33% polyester",Care:Handling:Be careful not to rub your product against abrasive surfaces,Care:Handling:Avoid contact with liquids,Care:Handling:"Keep away from direct sunlight, heat and rain. If it gets wet, dry it immediately with a soft cloth",Care:Handling:Store it in the case supplied at the time of purchase,Care:Cleaning:"To clean it, use a soft, dry cloth. Never use soap or solvents"	Polyurethane/Polyester	
PWGAB4004F_BLACK	COMPAGNON MAT WALLET	color:black	Women's quilted black leather wallet,3 gussets,11 card slots,2 zipped pockets,2 flat pockets,Wristlet	Dimensions:Width x height:19 x 10.5 cm,Composition:Main material:100% lambskin,Care:Handling:Do not expose your item to a source of heat or to sunlight for a prolonged period,Care:Handling:Avoid routinely overloading your small leather good or clutch,Care:Drying:"In the event of accidental exposure to water, leave your item to dry at room temperature, away from direct light",Care:Cleaning:"To maintain the shine of your smooth or grained leather item, use a leather cream or polish"	Lambskin	
LWSG03667_FIERCE	COMPAGNON WALLET	color:fierce	Women's black leather wallet,3 gussets,11 card slots,2 zip pockets,2 flat pockets,Strap,Diamant,Embellished wings	Dimensions:Measurements:19 x 10.5 cm,Composition:Main material:100% cow leather,Care:Handling:"Protect your leather item from humidity and any source of heat (radiator, sun)",Care:Handling:Avoid your item coming into contact with water,Care:Handling:Ensure you wear your item with similar colours,Care:Handling:Avoid overfilling your bag to ensure its durability,Care:Cleaning:"Regularly care for your leather item using a colourless nourishing cream for leather, suitable for leather goods",Care:Cleaning:"In case of stains, contact a leather professional"	Cow leather	
LWSG03667_BLACK	COMPAGNON WALLET	color:black	Women's black leather wallet,3 gussets,11 card slots,2 zip pockets,2 flat pockets,Strap,Diamant,Embellished wings	Dimensions:Measurements:19 x 10.5 cm,Composition:Main material:100% cow leather,Care:Handling:"Protect your leather item from humidity and any source of heat (radiator, sun)",Care:Handling:Avoid your item coming into contact with water,Care:Handling:Ensure you wear your item with similar colours,Care:Handling:Avoid overfilling your bag to ensure its durability,Care:Cleaning:"Regularly care for your leather item using a colourless nourishing cream for leather, suitable for leather goods",Care:Cleaning:"In case of stains, contact a leather professional"	Cow leather	
LWSG03825_BRANDY	MINI ZV WALLET	color:brandy	Mini ZV coin purse in leather,Leopard print,Zip fastening,2 gussets,Rhinestone-embellished wings signature	Dimensions:Measurements:11 x 8.5 cm,Composition:Main material:100% cow leather,Care:Handling:"Protect your leather item from humidity and any source of heat (radiator, sun)"	Cow leather	
LWSG03824_BRANDY	ZV CARD HOLDER	color:brandy	Grained leather card holder,Leopard print,Zip fastening,Rhinestone-embellished wings signature	Dimensions:Measurements:13.5 x 8 cm,Composition:Main material:100% cow leather,Care:Handling:"Protect your leather item from humidity and any source of heat (radiator, sun)"	Cow leather	
LWSG03830_BRANDY	ZV PASS CARD HOLDER	color:brandy	Pass card holderleopard-effect 2 card slots on the back and 1 pocket in the middle,Embossed Zadig&Voltaire	Dimensions:Measurements:10.5 x 7 cm,Composition:Main material:100% cow leather,Composition:Lining:100% calf leather,Care:Handling:"Protect your leather item from humidity and any source of heat (radiator, sun)",Care:Cleaning:"Avoid overfilling your bag to ensure its durability In case of stains, contact a leather professional"	Cow leather	
WJAP4028F_BLACK	ZV CARD HOLDER	color:black	Women's ZV black grained leather card holder,4 card slots,One flat pocket,One zipped pocket,Studded trim,Crystal-set wings charm	Dimensions:Width x height:13.5 x 8 cm,Composition:Main material:100% cow leather	Cow leather	
LWSG00011_BLACK GOLD	ZV CARD HOLDER	color:black gold	Women's ZV card holder in Beyond grained leather,Metal mirror wings charm,4 card slots,1 flat pocket and 1 zipped pocket,Embossed Zadig&Voltaire branding	Dimensions:Width x height:13.5 x 8 cm,Composition:Main material:100% calf leather,Care:Handling:Do not expose your item to a source of heat or to sunlight for a prolonged period,Care:Handling:Avoid routinely overloading your handbag or clutch,Care:Handling:"To prolong its life, store your item in a dust bag and pad it with tissue paper to maintain its shape",Care:Drying:"In the event of accidental exposure to water, leave your item to dry at room temperature, away from direct light",Care:Cleaning:"To maintain the shine of your smooth or grained leather item, use a leather cream or polish"	Calf leather	
LWSG00011_BLACK SILVER	ZV CARD HOLDER	color:black silver	Women's ZV card holder in Beyond grained leather,Metal mirror wings charm,4 card slots,1 flat pocket and 1 zipped pocket,Embossed Zadig&Voltaire branding	Dimensions:Width x height:13.5 x 8 cm,Composition:Main material:100% calf leather,Care:Handling:Do not expose your item to a source of heat or to sunlight for a prolonged period,Care:Handling:Avoid routinely overloading your handbag or clutch,Care:Handling:"To prolong its life, store your item in a dust bag and pad it with tissue paper to maintain its shape",Care:Drying:"In the event of accidental exposure to water, leave your item to dry at room temperature, away from direct light",Care:Cleaning:"To maintain the shine of your smooth or grained leather item, use a leather cream or polish"	Calf leather	
LWSG00011_BROWNIE	ZV CARD HOLDER	color:brownie	Women's ZV card holder in Beyond grained leather,Metal mirror wings charm,4 card slots,1 flat pocket and 1 zipped pocket,Embossed Zadig&Voltaire branding	Dimensions:Width x height:13.5 x 8 cm,Composition:Main material:100% calf leather,Care:Handling:Do not expose your item to a source of heat or to sunlight for a prolonged period,Care:Handling:Avoid routinely overloading your handbag or clutch,Care:Handling:"To prolong its life, store your item in a dust bag and pad it with tissue paper to maintain its shape",Care:Drying:"In the event of accidental exposure to water, leave your item to dry at room temperature, away from direct light",Care:Cleaning:"To maintain the shine of your smooth or grained leather item, use a leather cream or polish"	Calf leather	
LWSG00011_RECORD	ZV CARD HOLDER	color:record	Women's ZV card holder in Beyond grained leather,Metal mirror wings charm,4 card slots,1 flat pocket and 1 zipped pocket,Embossed Zadig&Voltaire branding	Dimensions:Width x height:13.5 x 8 cm,Composition:Main material:100% calf leather,Care:Handling:Do not expose your item to a source of heat or to sunlight for a prolonged period,Care:Handling:Avoid routinely overloading your handbag or clutch,Care:Handling:"To prolong its life, store your item in a dust bag and pad it with tissue paper to maintain its shape",Care:Drying:"In the event of accidental exposure to water, leave your item to dry at room temperature, away from direct light",Care:Cleaning:"To maintain the shine of your smooth or grained leather item, use a leather cream or polish"	Calf leather	
LWSG00011_EMERALD	ZV CARD HOLDER	color:emerald	Women's ZV card holder in Beyond grained leather,Metal mirror wings charm,4 card slots,1 flat pocket and 1 zipped pocket,Embossed Zadig&Voltaire branding	Dimensions:Width x height:13.5 x 8 cm,Composition:Main material:100% calf leather,Care:Handling:Do not expose your item to a source of heat or to sunlight for a prolonged period,Care:Handling:Avoid routinely overloading your handbag or clutch,Care:Handling:"To prolong its life, store your item in a dust bag and pad it with tissue paper to maintain its shape",Care:Drying:"In the event of accidental exposure to water, leave your item to dry at room temperature, away from direct light",Care:Cleaning:"To maintain the shine of your smooth or grained leather item, use a leather cream or polish"	Calf leather	
LWSG00011_CLAY	ZV CARD HOLDER	color:clay	Women's ZV card holder in Beyond grained leather,Metal mirror wings charm,4 card slots,1 flat pocket and 1 zipped pocket,Embossed Zadig&Voltaire branding	Dimensions:Width x height:13.5 x 8 cm,Composition:Main material:100% calf leather,Care:Handling:Do not expose your item to a source of heat or to sunlight for a prolonged period,Care:Handling:Avoid routinely overloading your handbag or clutch,Care:Handling:"To prolong its life, store your item in a dust bag and pad it with tissue paper to maintain its shape",Care:Drying:"In the event of accidental exposure to water, leave your item to dry at room temperature, away from direct light",Care:Cleaning:"To maintain the shine of your smooth or grained leather item, use a leather cream or polish"	Calf leather	
LWSG00011_FURIOUS	ZV CARD HOLDER	color:furious	Women's ZV card holder in Beyond grained leather,Metal mirror wings charm,4 card slots,1 flat pocket and 1 zipped pocket,Embossed Zadig&Voltaire branding	Dimensions:Width x height:13.5 x 8 cm,Composition:Main material:100% calf leather,Care:Handling:Do not expose your item to a source of heat or to sunlight for a prolonged period,Care:Handling:Avoid routinely overloading your handbag or clutch,Care:Handling:"To prolong its life, store your item in a dust bag and pad it with tissue paper to maintain its shape",Care:Drying:"In the event of accidental exposure to water, leave your item to dry at room temperature, away from direct light",Care:Cleaning:"To maintain the shine of your smooth or grained leather item, use a leather cream or polish"	Calf leather	
LWSG00011_POWER	ZV CARD HOLDER	color:power	Women's ZV card holder in Beyond grained leather,Metal mirror wings charm,4 card slots,1 flat pocket and 1 zipped pocket,Embossed Zadig&Voltaire branding	Dimensions:Width x height:13.5 x 8 cm,Composition:Main material:100% calf leather,Care:Handling:Do not expose your item to a source of heat or to sunlight for a prolonged period,Care:Handling:Avoid routinely overloading your handbag or clutch,Care:Handling:"To prolong its life, store your item in a dust bag and pad it with tissue paper to maintain its shape",Care:Drying:"In the event of accidental exposure to water, leave your item to dry at room temperature, away from direct light",Care:Cleaning:"To maintain the shine of your smooth or grained leather item, use a leather cream or polish"	Calf leather	
LWSG00011_HERITAGE	ZV CARD HOLDER	color:heritage	Women's ZV card holder in Beyond grained leather,Metal mirror wings charm,4 card slots,1 flat pocket and 1 zipped pocket,Embossed Zadig&Voltaire branding	Dimensions:Width x height:13.5 x 8 cm,Composition:Main material:100% calf leather,Care:Handling:Do not expose your item to a source of heat or to sunlight for a prolonged period,Care:Handling:Avoid routinely overloading your handbag or clutch,Care:Handling:"To prolong its life, store your item in a dust bag and pad it with tissue paper to maintain its shape",Care:Drying:"In the event of accidental exposure to water, leave your item to dry at room temperature, away from direct light",Care:Cleaning:"To maintain the shine of your smooth or grained leather item, use a leather cream or polish"	Calf leather	
LWSG00011_FIERCE	ZV CARD HOLDER	color:fierce	Women's ZV card holder in Beyond grained leather,Metal mirror wings charm,4 card slots,1 flat pocket and 1 zipped pocket,Embossed Zadig&Voltaire branding	Dimensions:Width x height:13.5 x 8 cm,Composition:Main material:100% calf leather,Care:Handling:Do not expose your item to a source of heat or to sunlight for a prolonged period,Care:Handling:Avoid routinely overloading your handbag or clutch,Care:Handling:"To prolong its life, store your item in a dust bag and pad it with tissue paper to maintain its shape",Care:Drying:"In the event of accidental exposure to water, leave your item to dry at room temperature, away from direct light",Care:Cleaning:"To maintain the shine of your smooth or grained leather item, use a leather cream or polish"	Calf leather	
PWGAP4001F_BLACK	MINI ZV WALLET	color:black	Women's leather wallet,2 gussets,Wings charm	Dimensions:Width x height:11 x 8.5 cm,Composition:Main material:100% cow leather,Care:Handling:Do not expose your item to a source of heat or to sunlight for a prolonged period,Care:Handling:Avoid routinely overloading your small leather good or clutch,Care:Drying:"In the event of accidental exposure to water, leave your item to dry at room temperature, away from direct light",Care:Cleaning:"To maintain the shine of your smooth or grained leather item, use a leather cream or polish"	Cow leather	
LWSG00004_HERITAGE	ZV MINI WALLET	color:heritage	Women's leather wallet,2 gussets,Wings charm	Dimensions:Width x height:11 x 8.5 cm,Composition:Main material:100% cow leather,Care:Handling:"Protect your leather item from humidity and any source of heat (radiator, sun)",Care:Handling:Avoid your item coming into contact with water,Care:Handling:Ensure you wear your item with similar colours,Care:Handling:Avoid overfilling your bag to ensure its durability,Care:Cleaning:"Regularly care for your leather item using a colourless nourishing cream for leather, suitable for leather goods",Care:Cleaning:"In case of stains, contact a leather professional"	Cow leather	
LWSG00004_BLACK GOLD	ZV MINI WALLET	color:black gold	Women's leather wallet,2 gussets,Wings charm	Dimensions:Width x height:11 x 8.5 cm,Composition:Main material:100% cow leather,Care:Handling:"Protect your leather item from humidity and any source of heat (radiator, sun)",Care:Handling:Avoid your item coming into contact with water,Care:Handling:Ensure you wear your item with similar colours,Care:Handling:Avoid overfilling your bag to ensure its durability,Care:Cleaning:"Regularly care for your leather item using a colourless nourishing cream for leather, suitable for leather goods",Care:Cleaning:"In case of stains, contact a leather professional"	Cow leather	
LWSG00004_RECORD	ZV MINI WALLET	color:record	Women's leather wallet,2 gussets,Wings charm	Dimensions:Width x height:11 x 8.5 cm,Composition:Main material:100% cow leather,Care:Handling:"Protect your leather item from humidity and any source of heat (radiator, sun)",Care:Handling:Avoid your item coming into contact with water,Care:Handling:Ensure you wear your item with similar colours,Care:Handling:Avoid overfilling your bag to ensure its durability,Care:Cleaning:"Regularly care for your leather item using a colourless nourishing cream for leather, suitable for leather goods",Care:Cleaning:"In case of stains, contact a leather professional"	Cow leather	
LWSG00004_CLAY	ZV MINI WALLET	color:clay	Women's leather wallet,2 gussets,Wings charm	Dimensions:Width x height:11 x 8.5 cm,Composition:Main material:100% cow leather,Care:Handling:"Protect your leather item from humidity and any source of heat (radiator, sun)",Care:Handling:Avoid your item coming into contact with water,Care:Handling:Ensure you wear your item with similar colours,Care:Handling:Avoid overfilling your bag to ensure its durability,Care:Cleaning:"Regularly care for your leather item using a colourless nourishing cream for leather, suitable for leather goods",Care:Cleaning:"In case of stains, contact a leather professional"	Cow leather	
LWSG00004_FIERCE	ZV MINI WALLET	color:fierce	Women's leather wallet,2 gussets,Wings charm	Dimensions:Width x height:11 x 8.5 cm,Composition:Main material:100% cow leather,Care:Handling:"Protect your leather item from humidity and any source of heat (radiator, sun)",Care:Handling:Avoid your item coming into contact with water,Care:Handling:Ensure you wear your item with similar colours,Care:Handling:Avoid overfilling your bag to ensure its durability,Care:Cleaning:"Regularly care for your leather item using a colourless nourishing cream for leather, suitable for leather goods",Care:Cleaning:"In case of stains, contact a leather professional"	Cow leather	
LWSG00004_BROWNIE	ZV MINI WALLET	color:brownie	Women's leather wallet,2 gussets,Wings charm	Dimensions:Width x height:11 x 8.5 cm,Composition:Main material:100% cow leather,Care:Handling:"Protect your leather item from humidity and any source of heat (radiator, sun)",Care:Handling:Avoid your item coming into contact with water,Care:Handling:Ensure you wear your item with similar colours,Care:Handling:Avoid overfilling your bag to ensure its durability,Care:Cleaning:"Regularly care for your leather item using a colourless nourishing cream for leather, suitable for leather goods",Care:Cleaning:"In case of stains, contact a leather professional"	Cow leather	
LWSG00004_EMERALD	ZV MINI WALLET	color:emerald	Women's leather wallet,2 gussets,Wings charm	Dimensions:Width x height:11 x 8.5 cm,Composition:Main material:100% cow leather,Care:Handling:"Protect your leather item from humidity and any source of heat (radiator, sun)",Care:Handling:Avoid your item coming into contact with water,Care:Handling:Ensure you wear your item with similar colours,Care:Handling:Avoid overfilling your bag to ensure its durability,Care:Cleaning:"Regularly care for your leather item using a colourless nourishing cream for leather, suitable for leather goods",Care:Cleaning:"In case of stains, contact a leather professional"	Cow leather	
LWSG00001_BLACK GOLD	ZV PASS CARD HOLDER	color:black gold	Women's ZV Pass card holder in grained leather,Metal mirror wings charm,2 slots,Embossed Zadig&Voltaire branding	Dimensions:Width x height:10.5 x 7.5 cm,Composition:Main material:100% calf leather,Care:Handling:Do not expose your item to a source of heat or to sunlight for a prolonged period,Care:Handling:Avoid routinely overloading your handbag or clutch,Care:Handling:"To prolong its life, store your item in a dust bag and pad it with tissue paper to maintain its shape",Care:Drying:"In the event of accidental exposure to water, leave your item to dry at room temperature, away from direct light",Care:Cleaning:"To maintain the shine of your smooth or grained leather item, use a leather cream or polish"	Calf leather	
LWSG00001_BROWNIE	ZV PASS CARD HOLDER	color:brownie	Women's ZV Pass card holder in grained leather,Metal mirror wings charm,2 slots,Embossed Zadig&Voltaire branding	Dimensions:Width x height:10.5 x 7.5 cm,Composition:Main material:100% calf leather,Care:Handling:Do not expose your item to a source of heat or to sunlight for a prolonged period,Care:Handling:Avoid routinely overloading your handbag or clutch,Care:Handling:"To prolong its life, store your item in a dust bag and pad it with tissue paper to maintain its shape",Care:Drying:"In the event of accidental exposure to water, leave your item to dry at room temperature, away from direct light",Care:Cleaning:"To maintain the shine of your smooth or grained leather item, use a leather cream or polish"	Calf leather	
LWSG00001_EMERALD	ZV PASS CARD HOLDER	color:emerald	Women's ZV Pass card holder in grained leather,Metal mirror wings charm,2 slots,Embossed Zadig&Voltaire branding	Dimensions:Width x height:10.5 x 7.5 cm,Composition:Main material:100% calf leather,Care:Handling:Do not expose your item to a source of heat or to sunlight for a prolonged period,Care:Handling:Avoid routinely overloading your handbag or clutch,Care:Handling:"To prolong its life, store your item in a dust bag and pad it with tissue paper to maintain its shape",Care:Drying:"In the event of accidental exposure to water, leave your item to dry at room temperature, away from direct light",Care:Cleaning:"To maintain the shine of your smooth or grained leather item, use a leather cream or polish"	Calf leather	
WWDR02617_BLACK	RAYADO DRESS	color:black	Women's satin maxi dress,Long sleeves,Cinched elasticized waistband,Long flowing skirt	Fit:Model height:176 cm,Fit:Model wears size:S,Fit:Sizing advice:This item fits to size. Choose your usual size,Composition:Main material:"51% polyester, 49% polyester"	Polyester	
LWBA04522_ROAD GREY	KATE WALLET SUEDE BAG	color:road grey	Kate,Wallet bag in suede leather,Designed by Kate,Removable metal chain,Magnetic flap closure,Loves,"Carried by hand, on the shoulder or cross-body"	Dimensions:Strap height:39.5 cm,Dimensions:Measurements:19 x 9 x 3.5 cm,Composition:Main material:100% cow leather,Care:Handling:"Protect your leather item from humidity and any source of heat (radiator, sun)",Care:Handling:Avoid your item coming into contact with water,Care:Handling:It is possible to apply a waterproofing product before first use to protect your item,Care:Handling:Avoid contact or repeated rubbing with light-colored clothing to limit color transfer,Care:Cleaning:"Avoid overfilling your bag to ensure its durability In case of stains, contact a leather professional"	Cow leather	
LWBA03973_SILVER	KATE WALLET BAG	color:silver	Kate Wallet bag in metallic leather,Removable metal chain,Flap with magnetic closure,Two compartments separated by a zipped pocket and 2 card slots,"Wings, metal ring engraved with 'Kate Loves Zadig&Voltaire' and studded edging","Carried by hand, shoulder or cross-body"	Composition:Main material:100% cow leather	Cow leather	
KWSW03001_DARK BLUE	SOULY JUMPER	color:dark blue	Wool and cashmere jumper,Embroidery on the front,Turtleneck,Long sleeves	Fit:Sizing advice:This item fits 1 to size. Choose your usual size,Composition:Main material:"90% wool, 10% cashmere",Care:Washing:Hand-wash or machine-wash on a 20°C wool cycle with a maximum spin speed of 400 rpm,Care:Handling:Do not twist,Care:Drying:Air dry flat,Care:Ironing:"Iron inside out at a maximum of 110°C, avoiding any customised details"	Wool/Cashmere	
JWTS02919_JUDO	TAIDA T-SHIRT	color:judo	100% cotton t-shirt,Rhinestone photo on the front,Crew neck,Short sleeves	Fit:Model height:176 cm,Fit:Model wears size:S,Composition:Main material:100% cotton,Sustainability:Organic content:Cotton fibers from organic farming,Care:Washing:Machine-wash inside out on a 30°C delicate cycle with similar colours,Care:Ironing:"Iron inside out at a maximum of 110°C, avoiding any customised details"	Cotton	
WWJE01344_MEDIUM BLUE	ELI JEANS	color:medium blue	Wide-leg denim jeans,5 pockets including a ticket pocket,Zip and button fastening,High waist,Wide-leg fit	Fit:Model height:177 cm,Fit:Model wears size:26,Fit:Sizing advice:This item fits to size. Choose your usual size,Composition:Main material:"99% cotton, 1% elastane",Care:Washing:Wash before wear; Machine-wash inside out on a 30°C delicate cycle with similar colours,Care:Ironing:"Iron inside out at a maximum of 150°C, or in case of customised details, at a maximum of 110°C avoiding the customised details"	Cotton/Elastane	
OWSC01566_FLASH	ROSIE LEO SCARF	color:flash	100% silk scarf,Leopard print,ZV logo	Dimensions:Measurements:230 x 15 cm,Composition:Main material:100% silk,Care:Washing:Hand-wash or machine-wash inside out in a mesh laundry bag on a 20°C delicate cycle with a maximum spin speed of 400 rpm,Care:Drying:Air dry flat,Care:Ironing:Iron inside out at a maximum of 110°C	Silk	
JWSS01741_HEATHER GREY	GEORGY SWEATSHIRT	color:heather grey	Cotton sweatshirt,Print and rhinestones on the back,Hood,Round neckline,Front pocket,Long sleeves	Fit:Model height:178 cm,Fit:Model wears size:S,Fit:Sizing advice:"This item has a loose fit. For a more fitted look, choose one size down from your usual size",Composition:Main material:"81% cotton, 19% polyester",Sustainability:Organic content:Cotton fibers from organic farming,Sustainability:Recycled content:Recycled polyester fibers,Care:Washing:Machine-wash inside out on a 30°C delicate cycle with similar colours,Care:Ironing:"Iron inside out at a maximum of 110°C, avoiding any customised details"	Cotton/Polyester	
JWSP00008_HEATHER GREY	CHILL JOGGING TROUSERS	color:heather grey	Wide-leg straight cut jogging trousers in light grey marl for women,ZV signature wings adorned with rhinestones,Elasticated waistband,2 side pockets,Pleats along the length and small slits at the hem	Fit:Model height:177 cm,Fit:Model wears size:S,Fit:Sizing advice:We recommend buying your usual size,Composition:Main material:"74% coton, 26% polyester",Care:Washing:Machine-wash inside out on a 30°C delicate cycle with similar colours,Care:Ironing:"Iron inside out at a maximum of 110°C, avoiding any customised details"	Coton/Polyester	
JWTS02965_DARK BLUE	WALKO T-SHIRT	color:dark blue	Crew neck,Short sleeves	Fit:Model height:177 cm,Fit:Model wears size:S,Composition:Main material:100% cotton	Cotton	
WWTO02043_JUDO	TEKO TOP	color:judo	Satin blouse,Round neck,3/4 puff sleeves	Fit:Model height:177 cm,Fit:Model wears size:S,Fit:Sizing advice:This item fits to size. Choose your usual size,Composition:Main material:"51% polyester, 49% polyester",Sustainability:Recycled content:Contains 51% recycled polyester,Care:Washing:Hand-wash or machine-wash inside out in a mesh laundry bag on a 20°C delicate cycle with a maximum spin speed of 400 rpm,Care:Drying:Air dry flat,Care:Ironing:Iron inside out at a maximum of 110°C	Polyester	
JWTN02688_GLOOM	TUNISIEN FISHNET T-SHIRT	color:gloom	Henley t-shirt in 100% cotton,Fishnet and rhinestones on the back,Henley collar with 5 buttons,Short sleeves	Fit:Model height:176 cm,Fit:Model wears size:S,Fit:Sizing advice:This item fits to size. Choose your usual size,Composition:Main material:100% cotton,Care:Washing:Machine-wash inside out on a 30°C delicate cycle with similar colours,Care:Ironing:"Iron inside out at a maximum of 110°C, avoiding any customised details"	Cotton	
KWSW03032_FROZEN	SWAPY JUMPER 100% CASHMERE	color:frozen		Fit:Model height:177 cm,Fit:Model wears size:S,Fit:Sizing advice:This item fits to size. Choose your usual size,Composition:Main material:100% cashmere,Care:Washing:Hand-wash or machine-wash on a 20°C wool cycle with a maximum spin speed of 400 rpm,Care:Handling:Do not twist,Care:Drying:Air dry flat,Care:Ironing:"Iron inside out at a maximum of 110°C, avoiding any customised details"	Cashmere	
KWCA01709_DARK BLUE	DAFFYZ CARDIGAN 100% CASHMERE	color:dark blue	Long,100% cashmere cardigan,All-over rhinestones,V-neck,Short sleeves	Fit:Sizing advice:This item fits to size. Choose your usual size,Composition:Main material:100% cashmere,Care:Washing:Hand-wash or machine-wash on a 20°C wool cycle with a maximum spin speed of 400 rpm,Care:Handling:Do not twist,Care:Drying:Air dry flat,Care:Ironing:"Iron inside out at a maximum of 110°C, avoiding any customised details"	Cashmere	
WWDR02657_CREAM	RALICEL MOUSSELINE DRESS	color:cream	Long draped dress,Printed chiffon,Deep neckline,Long sleeves	Fit:Model height:177 cm,Fit:Model wears size:S,Fit:Sizing advice:This item fits to size. Choose your usual size,Composition:Main material:100% viscose,Care:Washing:Hand-wash or machine-wash inside out in a mesh laundry bag on a 20°C delicate cycle with a maximum spin speed of 400 rpm,Care:Drying:Air dry flat,Care:Ironing:Iron inside out at a maximum of 110°C	Viscose	accessory:id:LWOG02301_BLACK,accessory:id:SWCT02127_WOOD
RWOW01244_TANGERINE	LIAM LEATHER JACKET	color:tangerine	Leather jacket,Embossed wings,Classic collar,Button fastening,Welt pockets and flap pockets,Long sleeves with epaulettes,Fitted cut If you're between two sizes	Fit:Model height:177 cm,Fit:Model wears size:S,Fit:Sizing advice:we recommend choosing the larger size,Composition:Main material:100% lambskin,Care:Cleaning:This garment should be cared for by a leather professional	Lambskin	accessory:id:LWBA04322_WOOD,accessory:id:SWSN01635_COGNAC
WWSH02289_CREAM	TIMZ MOUSSELINE SHIRT	color:cream	Chiffon tunic,Printed,Button fastening,Long sleeves	Fit:Model height:177 cm,Fit:Model wears size:S,Fit:Sizing advice:This item fits to size. Choose your usual size,Composition:Main material:100% viscose,Care:Washing:Hand-wash or machine-wash inside out in a mesh laundry bag on a 20°C delicate cycle with a maximum spin speed of 400 rpm,Care:Drying:Air dry flat,Care:Ironing:Iron inside out at a maximum of 110°C	Viscose	
WWDR02614_TANGERINE	RANDON 100% SILK DRESS	color:tangerine	Short dress in 100% silk,Paisley jacquard pattern,Deep neckline,Long sleeves,Cut-outs	Fit:Model height:177 cm,Fit:Model wears size:S,Fit:Sizing advice:This item fits to size. Choose your usual size,Composition:Main material:100% silk,Care:Washing:Hand-wash or machine-wash inside out in a mesh laundry bag on a 20°C delicate cycle with a maximum spin speed of 400 rpm,Care:Drying:Air dry flat,Care:Ironing:Iron inside out at a maximum of 110°C	Silk	accessory:id:LWBA04322_WOOD,accessory:id:LWOG02273_FLAME,accessory:id:SWCT02127_WOOD
JWTS02865_JUDO	BOO T-SHIRT	color:judo	100% cotton t-shirt,Flocked Voltaire 97 artwork with rhinestones at the front,Crew neck,Short sleeves	Fit:Model height:178 cm,Fit:Model wears size:S,Fit:Sizing advice:This item fits to size. Choose your usual size,Composition:Main material:100% cotton,Sustainability:Organic content:Cotton fibers from organic farming,Care:Washing:Machine-wash inside out on a 30°C delicate cycle with similar colours,Care:Ironing:"Iron inside out at a maximum of 110°C, avoiding any customised details"	Cotton	often_bought_with:id:RWOW01244_TANGERINE,accessory:id:SWSN01636_ICE
JWTS02867_CREAM	MIRTA POLO	color:cream	Embroidered wing signature on the front,Button-down collar,Short sleeves	Fit:Model height:181 cm,Fit:Model wears size:S,Fit:Sizing advice:This item fits to size. Choose your usual size,Composition:Main material:100% cotton,Care:Washing:Machine-wash inside out on a 30°C delicate cycle with similar colours,Care:Ironing:"Iron inside out at a maximum of 110°C, avoiding any customised details"	Cotton	often_bought_with:id:RWOW01244_TANGERINE,accessory:id:SWSN01636_ICE
JWTN02675_SPICE	HENLEY T-SHIRT	color:spice	Henley T-shirt in 100% cotton,Stripes,Henley neckline with 5 buttons,Long sleeves,Rhinestone back print	Fit:Model height:178 cm,Fit:Model wears size:S,Fit:Sizing advice:This item fits to size. Choose your usual size,Composition:Main material:100% cotton,Care:Washing:Machine-wash inside out on a 30°C delicate cycle with similar colours,Care:Ironing:"Iron inside out at a maximum of 110°C, avoiding any customised details"	Cotton	accessory:id:LWBA04322_WOOD,accessory:id:LWOG02296_BLACK,accessory:id:SWSN01636_ICE
WWBS01172_SKY	SIDOU SHORTS	color:sky	Tailored shorts,Belt loops and zip fastening,Slant pockets and welt pockets	Fit:Sizing advice:This item fits to size. Choose your usual size,Composition:Main material:"43% polyester, 26% polyester, 23% viscose, 8% elastane",Sustainability:Recycled content:Recycled polyester fibers,Sustainability:Responsible sourcing:Viscose fibers from sustainably managed forests,Care:Cleaning:This garment should be dry-cleaned only,Care:Ironing:"Iron inside out at a maximum of 110°C, avoiding any customised details"	Polyester/Viscose/Elastane	accessory:id:LWBA04188_BLACK,accessory:id:SWCT02026_BLACK
WWBS01172_TANGERINE	SIDOU SHORTS	color:tangerine	Tailored shorts,Belt loops and zip fastening,Slant pockets and welt pockets	Fit:Sizing advice:This item fits to size. Choose your usual size,Composition:Main material:"43% polyester, 26% polyester, 23% viscose, 8% elastane",Sustainability:Recycled content:Recycled polyester fibers,Sustainability:Responsible sourcing:Viscose fibers from sustainably managed forests,Care:Cleaning:This garment should be dry-cleaned only,Care:Ironing:"Iron inside out at a maximum of 110°C, avoiding any customised details"	Polyester/Viscose/Elastane	accessory:id:LWBA04310_FLASH,accessory:id:SWSN01636_ICE
WWCR01310_SPICE	CHRISTY CAMISOLE 100% SILK	color:spice	Strass,V-neckline with exclusive French lace details,Adjustable straps	Fit:Model height:178 cm,Fit:Model wears size:S,Fit:Sizing advice:This item fits to size. Choose your usual size,Composition:Main material:100% silk,Care:Washing:Hand-wash or machine-wash inside out in a mesh laundry bag on a 20°C delicate cycle with a maximum spin speed of 400 rpm,Care:Drying:Air dry flat,Care:Ironing:Iron inside out at a maximum of 110°C	Silk	accessory:id:LWBA03803_FLAME,accessory:id:OWJW01757_FLAME,accessory:id:SWCT02127_WOOD
WWDR02635_TANGERINE	RIPPIES SATIN DRESS	color:tangerine	Short dress in Japanese satin,V-neckline and pleated bodice,Adjustable straps,"Fluid, gathered fit"	Fit:Model height:181 cm,Fit:Model wears size:S,Fit:Sizing advice:This item fits to size. Choose your usual size,Composition:Main material:"57% polyester, 43% polyester",Sustainability:Recycled content:Recycled polyester fibers,Care:Washing:Hand-wash or machine-wash inside out in a mesh laundry bag on a 20°C delicate cycle with a maximum spin speed of 400 rpm,Care:Drying:Air dry flat,Care:Ironing:Iron inside out at a maximum of 110°C	Polyester	accessory:id:LWBA04310_BLACK,often_bought_with:id:RWOW01244_TANGERINE
JWTN02671_JUDO	TINA T-SHIRT	color:judo	Tunisian t-shirt,Tunisian collar with wing brooch fastening,Long sleeves	Fit:Model height:175 cm,Fit:Model wears size:S,Fit:Sizing advice:This item fits to size. Choose your usual size,Composition:Main material:100% modal,Care:Washing:Machine-wash inside out on a 30°C delicate cycle with similar colours,Care:Ironing:"Iron inside out at a maximum of 110°C, avoiding any customised details"	Modal	accessory:id:LWBA04310_FLASH,accessory:id:LWOG02296_BLACK,accessory:id:OWSC01528_SIXTINE
WWPA01901_LADY	POMA PANTS	color:lady	Jogger-style trousers in 100% cotton,Striped poplin,Elasticated waistband,Patch pockets and ticket pocket,Regular fit,Mid-rise	Fit:Model height:178 cm,Fit:Model wears size:36,Fit:Sizing advice:This item fits to size. Choose your usual size,Composition:Main material:100% cotton,Care:Washing:Machine-wash inside out on a 30°C delicate cycle with similar colours,Care:Ironing:"Iron inside out at a maximum of 110°C, avoiding any customised details"	Cotton	accessory:id:SWSN01638_SILENT
WWSH00021_TANGERINE	TINK SATIN SHIRT	color:tangerine	Satin blouse,Open neckline,Long sleeves,Gathered details,Regular fit	Fit:Model height:177 cm,Fit:Model wears size:S,Fit:Sizing advice:We recommend buying your usual size,Composition:Main material:"51% polyester, 49% polyester",Care:Washing:Hand-wash or machine-wash your garment at a maximum of 20	Polyester	accessory:id:OWSC01528_SIXTINE,accessory:id:SWCT02130_CARAMELO
WWSH00021_RAIN FOREST	TINK SATIN SHIRT	color:rain forest	Satin blouse,Open neckline,Long sleeves,Gathered details,Regular fit	Fit:Model height:177 cm,Fit:Model wears size:S,Fit:Sizing advice:We recommend buying your usual size,Composition:Main material:"51% polyester, 49% polyester",Care:Washing:Hand-wash or machine-wash your garment at a maximum of 20	Polyester	
KWSW02908_PEARLY	MARKUZ JUMPER	color:pearly	Wool and cashmere jumper,Stripes and Rock n Roll jacquard pattern,Crew neck,Long sleeves,ZV logo	Fit:Model height:177 cm,Fit:Model wears size:S,Fit:Sizing advice:"This item has a loose fit. For a more fitted look, choose one size down from your usual size",Composition:Main material:"90% wool, 10% cashmere",Care:Washing:Hand-wash or machine-wash on a 20°C wool cycle with a maximum spin speed of 400 rpm; Do not wring,Care:Drying:Air dry flat,Care:Ironing:"Iron inside out at a maximum of 110°C, avoiding any customised details"	Wool/Cashmere	accessory:id:LWBA04322_WOOD,accessory:id:SWSN01636_ICE
WWSH00021_LOVE	TINK SATIN SHIRT	color:love	Satin blouse,Open neckline,Long sleeves,Gathered details,Regular fit	Fit:Model height:177 cm,Fit:Model wears size:S,Fit:Sizing advice:We recommend buying your usual size,Composition:Main material:"51% polyester, 49% polyester",Care:Washing:Hand-wash or machine-wash your garment at a maximum of 20	Polyester	
KWDR01240_TANGERINE	MEMPHISA DRESS	color:tangerine	Short dress,Textured stitches,Blouse collar,Button fastening,Three-quarter sleeves	Fit:Model height:177 cm,Fit:Model wears size:S,Fit:Sizing advice:This item fits to size. Choose your usual size,Composition:Main material:100% cotton,Care:Washing:Hand-wash or machine-wash on a 20°C wool cycle with a maximum spin speed of 400 rpm; Do not wring,Care:Drying:Air dry flat,Care:Ironing:"Iron inside out at a maximum of 110°C, avoiding any customised details"	Cotton	
WWTO00225_TANGERINE	EMAUX SATIN WAISTCOAT	color:tangerine	Women's black satin waistcoat-inspired top,V-neckline,Button fastening,One welt chest pocket,Sleeveless	Fit:Model height:175 cm,Fit:Model wears size:S,Fit:Sizing advice:We recommend buying your usual size,Composition:Main material:"57% polyester, 43% polyester",Care:Washing:Hand-wash or machine-wash inside out in a mesh laundry bag on a 20°C delicate cycle with a maximum spin speed of 400 rpm,Care:Drying:Air dry flat,Care:Ironing:Iron inside out at a maximum of 110°C	Polyester	accessory:id:LWBA04322_WOOD,accessory:id:OWSC01528_SIXTINE,accessory:id:SWSN01636_ICE
LWBA04189_BROWNIE	ROCK II VINTAGE CLUTCH	color:brownie	Sliding curb chain with signature eyelets,Zip and magnetic closure,Flat back pocket with magnetic closure,Flat interior pocket,Signature wings,Shoulder or cross-body wear	Dimensions:Strap height:26 - 47 cm,Dimensions:Measurements:27 x 12.5 cm,Composition:Main material:100% cow leather,Care:Handling:"Protect your leather item from humidity and any source of heat (radiator, sun)",Care:Handling:Avoid your item coming into contact with water,Care:Handling:Ensure you wear your item with similar colours,Care:Handling:Avoid overfilling your bag to ensure its durability,Care:Cleaning:"Regularly care for your leather item using a colourless nourishing cream for leather, suitable for leather goods",Care:Cleaning:"In case of stains, contact a leather professional"	Cow leather	
LWBA04053_BLACK	ROCK I I QUILTED MONOGRAM BAG	color:black	Clutch in quilted monogram leather,Sliding curb chain with signed eyelets,Zip and magnetic closure,Flat back pocket with magnetic closure,Interior patch pocket,Wings signature,Shoulder or cross-body carry	Dimensions:Measurements:27 x 12 cm,Composition:Main material:100% lambskin,Care:Handling:Lambskin is extremely fragile and deserves to be treated with delicacy,Care:Handling:"Protect your leather item from humidity and any source of heat (radiator, sun)",Care:Handling:Avoid your item coming into contact with water,Care:Handling:Ensure you wear your item with similar colours,Care:Handling:Avoid overfilling your bag to ensure its durability,Care:Cleaning:"Regularly care for your leather item using a colourless nourishing cream for leather, suitable for leather goods",Care:Cleaning:"In case of stains, contact a leather professional"	Lambskin	
JWTT01287_WHITE	CLOEX T-SHIRT	color:white	100% cotton tank top Voltaire print with rhinestones on the front,Crew neck	Fit:Model height:176 cm,Fit:Model wears size:S,Fit:Sizing advice:This item fits to size. Choose your usual size,Composition:Main material:100% cotton,Sustainability:Organic content:Cotton fibers from organic farming,Care:Washing:Machine-wash inside out on a 30°C delicate cycle with similar colours,Care:Ironing:"Iron inside out at a maximum of 110°C, avoiding any customised details"	Cotton	
LWBA04257_POWER	ANGEL TOTE XS BAG	color:power	Small tote bag in crumpled leather,"Double handles and adjustable, removable shoulder strap",Zip closure,Interior patch pocket,Embossed wings signature,"Worn by hand, shoulder or crossbody Handle"	Dimensions:Strap height:47 cm,Dimensions:Height:9 cm,Dimensions:Measurements:25 x 21.5 x 13 cm,Composition:Main material:100% calf leather,Care:Handling:"Protect your leather item from humidity and any source of heat (radiator, sun)",Care:Handling:Avoid your item coming into contact with water,Care:Handling:Ensure you wear your item with similar colours,Care:Handling:Avoid overfilling your bag to ensure its durability,Care:Cleaning:"Regularly care for your leather item using a colourless nourishing cream for leather, suitable for leather goods",Care:Cleaning:"In case of stains, contact a leather professional"	Calf leather	
WWJE01328_LIGHT BLUE	ELI JEANS	color:light blue	100% cotton jeans,Patch pockets and ticket pocket,Loose fit,Mid-rise waist	Fit:Model height:178 cm,Fit:Model wears size:26,Fit:Sizing advice:"This item has a loose fit. For a more fitted look, choose one size down from your usual size",Composition:Main material:100% cotton,Care:Washing:Machine-wash inside out on a 30°C delicate cycle with similar colours,Care:Ironing:"Iron inside out at a maximum of 150°C, or in case of customised details, at a maximum of 110°C avoiding the customised details"	Cotton	accessory:id:SWSN01635_COGNAC
WWOW01735_LIGHT BLUE	LIENNA DENIM JACKET	color:light blue	Denim jacket,Pointed collar with removable wing,Embossed wings at the back,"Front fastening, side slits and zipped cuffs",Four flap patch pockets,Long sleeves	Fit:Sizing advice:This item fits to size. Choose your usual size,Composition:Main material:100% cotton,Care:Cleaning:This garment should be dry-cleaned only	Cotton	accessory:id:LWBA03655_BLACK,accessory:id:SWCT02119_BROWNIE
WWSH02282_MEDIUM BLUE	TIMONA DENIM SHIRT	color:medium blue	100% cotton denim shirt,Deep collar,Patch chest pockets,Long sleeves,Oversized fit	Fit:Model height:176 cm,Fit:Model wears size:S,Fit:Sizing advice:"This item has a loose fit. For a more fitted look, choose one size down from your usual size",Composition:Main material:100% cotton,Care:Washing:Machine-wash inside out on a 30°C delicate cycle with similar colours,Care:Ironing:"Iron inside out at a maximum of 150°C, or in case of customised details, at a maximum of 110°C avoiding the customised details"	Cotton	accessory:id:LWBA04322_WOOD,accessory:id:OWSC01528_SIXTINE,accessory:id:SWCT02130_CARAMELO
WWDR02688_DARK BLUE	RHELYNE DRESS	color:dark blue	Short shirt dress,Classic collar,Button fastening,Long sleeves	Fit:Model height:178 cm,Fit:Model wears size:S,Fit:Sizing advice:This item fits to size. Choose your usual size,Composition:Main material:100% viscose,Care:Washing:Hand-wash or machine-wash inside out in a mesh laundry bag on a 20°C delicate cycle with a maximum spin speed of 400 rpm,Care:Drying:Air dry flat,Care:Ironing:Iron inside out at a maximum of 110°C	Viscose	
JWDR01126_DARK BLUE	DRESS TIFFANIA	color:dark blue	Long dress in cotton and linen,V-neck with wings brooch fastening,Sleeveless	Fit:Model height:173 cm,Fit:Model wears size:S,Fit:Sizing advice:This item fits to size. Choose your usual size,Composition:Main material:"70% cotton, 30% linen",Care:Washing:Machine-wash inside out on a 30°C delicate cycle; Do not bleach and do not tumble dry,Care:Ironing:"Iron inside out at a maximum of 150°C, avoiding any customised details"	Cotton/Linen	
WWSH02298_PEAR	THELMA SHIRT	color:pear	100% cotton,Crystals at the back,Classic collar,Flap chest pockets,Long sleeves	Fit:Model height:178 cm,Fit:Model wears size:S,Fit:Sizing advice:This item fits to size. Choose your usual size,Composition:Main material:100% cotton,Sustainability:Organic content:Cotton fibers from organic farming,Care:Washing:Hand-wash or machine-wash inside out in a mesh laundry bag on a 20°C delicate cycle with a maximum spin speed of 400 rpm,Care:Drying:Air dry flat,Care:Ironing:Iron inside out at a maximum of 110°C	Cotton	accessory:id:LWBA04246_BLACK,accessory:id:SWSN01636_ICE
WWBL01973_BLUE NAVY	VIVAL BLAZER	color:blue navy	Structured blazer,Rhinestone details,Classic lapel,Single button closure,Welt pockets and flap pockets,Long sleeves,Straight cut Choose your usual size	Fit:Model height:177 cm,Fit:Model wears size:36,Composition:Main material:"43% polyester, 26% polyester, 23% viscose, 8% elastane",Sustainability:Recycled content:Recycled polyester fibers,Sustainability:Responsible sourcing:Viscose fibers from sustainably managed forests,Care:Cleaning:This garment should be dry-cleaned only	Polyester/Viscose/Elastane	accessory:id:LWBA04257_POWER,accessory:id:SWSN01638_SILENT
WWDR02624_SKY	RASHA DRESS	color:sky	Striped print and sequins,U neckline,Fluid fit,Sleeveless short dress	Fit:Model height:181 cm,Fit:Model wears size:S,Fit:Sizing advice:This item fits to size. Choose your usual size,Composition:Main material:100% polyester,Sustainability:Recycled content:Recycled polyester fibers,Care:Cleaning:This garment should be dry-cleaned only	Polyester	accessory:id:LWBA04310_BLACK,often_bought_with:id:LWOG02298_POWER
WWTO02009_SKY	TARYS TANK TOP	color:sky	Tank top,Stripe print and sequins,U neckline	Fit:Model height:181 cm,Fit:Model wears size:S,Fit:Sizing advice:This item fits to size. Choose your usual size,Composition:Main material:100% polyester,Sustainability:Recycled content:Recycled polyester fibers,Care:Cleaning:This garment should be dry-cleaned only	Polyester	accessory:id:LWBA04329_BLACK,accessory:id:SWCT00864_BLACK
KWCO01537_DARK BLUE	ALPA COAT	color:dark blue	Fringes,Intarsia pattern,Wrap closure with removable belt,Long sleeves /S	Fit:Model height:178 cm,Fit:Model wears size:XS,Fit:Sizing advice:This item fits to size. Choose your usual size,Composition:Main material:"90% merino wool, 10% cashmere",Care:Washing:Hand-wash or machine-wash on a 20°C wool cycle with a maximum spin speed of 400 rpm; Do not wring,Care:Drying:Air dry flat,Care:Ironing:"Iron inside out at a maximum of 110°C, avoiding any customised details"	Merino wool/Cashmere	accessory:id:LWBA04322_WOOD,accessory:id:SWSN01635_COGNAC
WWCO01252_DARK BLUE	MENTLY COAT	color:dark blue	Coat in 100% cotton,Navy canvas,Classic collar,Belt fastening,Piped pockets at front,Long sleeves	Fit:Model height:180 cm,Fit:Model wears size:S,Fit:Sizing advice:This item fits to size. Choose your usual size,Composition:Main material:100% cotton,Sustainability:Organic content:Cotton fibers from organic farming	Cotton	accessory:id:LWBA04257_POWER,accessory:id:SWSN01635_COGNAC
WWBL01963_BLUE NAVY	EMAUX WAISTCOAT	color:blue navy	Sleeveless tailored waistcoat,Transparent embroidered sequins,V-neck,Button fastening,Piped pockets Choose your usual size	Fit:Model height:178 cm,Fit:Model wears size:36,Composition:Main material:"64% polyester, 34% viscose, 2% elastane",Care:Cleaning:This garment should be dry-cleaned only	Polyester/Viscose/Elastane	accessory:id:SWCT02026_BLACK
LWBA04188_BLACK	LE ZAZI VINTAGE GRAFFITI BAG	color:black	Small patent leather bag with vintage effect,Graffiti print,Adjustable leather strap,Signature curved wings closure,Applied interior pocket,Shoulder or cross-body wear	Dimensions:Measurements:18 x 10.5 x 3.5 cm,Composition:Main material:100% cow leather,Care:Handling:"Protect your leather item from humidity and any source of heat (radiator, sun)",Care:Handling:Avoid your item coming into contact with water,Care:Handling:Ensure you wear your item with similar colours,Care:Handling:Avoid overfilling your bag to ensure its durability,Care:Cleaning:"Regularly care for your leather item using a colourless nourishing cream for leather, suitable for leather goods",Care:Cleaning:"In case of stains, contact a leather professional"	Cow leather	
WWDR02616_STORM	REDOXA 100% SILK DRESS	color:storm	"100% silk dress, lingerie-inspired",Jacquard pattern,V-neckline,Short sleeves,Lace insert,Fluid cut	Fit:Model height:178 cm,Fit:Model wears size:S,Fit:Sizing advice:This item fits to size. Choose your usual size,Composition:Main material:100% silk,Care:Washing:Hand-wash or machine-wash inside out in a mesh laundry bag on a 20°C delicate cycle with a maximum spin speed of 400 rpm,Care:Drying:Air dry flat,Care:Ironing:Iron inside out at a maximum of 110°C	Silk	
WWSK01643_STORM	JAYLA SILK SKIRT	color:storm	Mid-length lingerie-inspired skirt,Slit with lace,Back zip closure,Fluid cut	Fit:Model height:178 cm,Fit:Model wears size:S,Fit:Sizing advice:This item fits to size. Choose your usual size,Composition:Main material:100% silk,Care:Washing:Hand-wash or machine-wash inside out in a mesh laundry bag on a 20°C delicate cycle with a maximum spin speed of 400 rpm,Care:Drying:Air dry flat,Care:Ironing:Iron inside out at a maximum of 110°C	Silk	
WKAB2003F_BLACK	ROCK NANO MAT SCALE	color:black	Women's Rock Nano clutch in black snakeskin-effect quilted leather,Wear on the shoulder or across the body,"3 compartments, two of which are zipped",Flap with magnetic closure,Removable double leather and metal chain,Holds a mobile phone up to 158 x 77.8 x 8.1 mm (type IPhone Pro Max)	Dimensions:Width x height:17.5 x 9 cm,Composition:Main material:100% lambskin	Lambskin	
WHAP2017F_BLACK	ROCK NANO GRAINED	color:black				
WWDR02642_STORM	RIDAR SILK DRESS	color:storm	Mid-length dress in 100% silk,Lingerie spirit,Adjustable straps,Lace at chest and hem	Fit:Model height:178 cm,Fit:Model wears size:S,Fit:Sizing advice:This item fits to size. Choose your usual size,Composition:Main material:100% silk,Care:Washing:Hand-wash or machine-wash inside out in a mesh laundry bag on a 20°C delicate cycle with a maximum spin speed of 400 rpm,Care:Drying:Air dry flat,Care:Ironing:Iron inside out at a maximum of 110°C	Silk	
KWCA01545_SIXTINE	ROBYN CARDIGAN	color:sixtine	Long cardigan in 100% cashmere,Tonal rhinestones,Shawl collar,Crossover closure,Long sleeves	Fit:Model height:178 cm,Fit:Model wears size:S,Fit:Sizing advice:This item fits to size. Choose your usual size,Composition:Main material:100% cashmere,Care:Washing:Hand-wash or machine-wash on a 20°C wool cycle with a maximum spin speed of 400 rpm,Care:Handling:Do not twist,Care:Drying:Air dry flat,Care:Ironing:"Iron inside out at a maximum of 110°C, avoiding any customised details"	Cashmere	accessory:id:LWBA04322_WOOD,accessory:id:SWCT02097_CARAMELO
LWBA04177_BLACK	LE ROUDOUDOU STUDS BAG	color:black	Vintage-effect patent leather,Stud detaling,Adjustable leather shoulder strap with loops for attaching bag accessories,Zip fastening,Signature wings,Shoulder carry	Dimensions:Strap height:53 cm,Dimensions:Measurements:24 x 7.5 x 7.5 cm,Composition:Main material:100% cow leather,Care:Handling:"Protect your leather item from humidity and any source of heat (radiator, sun)",Care:Handling:Avoid your item coming into contact with water,Care:Handling:Ensure you wear your item with similar colours,Care:Handling:Avoid overfilling your bag to ensure its durability,Care:Cleaning:"Regularly care for your leather item using a colourless nourishing cream for leather, suitable for leather goods",Care:Cleaning:"In case of stains, contact a leather professional"	Cow leather	
LWBA04001_BLACK	MOONRISE BAG	color:black	Baguette bag in grained leather,Adjustable handle,Zip closure with leather flap that folds over the zip,Wings and Zadig&Voltaire signature buckles,Interior patch pocket,Wings signature,Shoulder carry	Dimensions:Measurements:28.5 x 15 x 6 cm,Composition:Main material:100% cow leather,Care:Handling:"Protect your leather item from humidity and any source of heat (radiator, sun)",Care:Handling:Avoid your item coming into contact with water,Care:Handling:Ensure you wear your item with similar colours,Care:Handling:Avoid overfilling your bag to ensure its durability,Care:Cleaning:"Regularly care for your leather item using a colourless nourishing cream for leather, suitable for leather goods",Care:Cleaning:"In case of stains, contact a leather professional"	Cow leather	
WWPA01906_SKY	PANOL PANTS	color:sky	Tailored trousers,Slanted welt pockets,Regular fit,High waist	Fit:Sizing advice:This item fits to size. Choose your usual size,Composition:Main material:"43% polyester, 26% polyester, 23% viscose, 8% elastane",Sustainability:Recycled content:Recycled polyester fibers,Sustainability:Responsible sourcing:Viscose fibers from sustainably managed forests,Care:Cleaning:This garment should be dry-cleaned only,Care:Ironing:"Iron inside out at a maximum of 110°C, avoiding any customised details"	Polyester/Viscose/Elastane	often_bought_with:id:JWTT01287_WHITE,accessory:id:SWCT02026_BLACK,often_bought_with:id:WWBS01172_SKY
JWTS02836_WHITE	IO T-SHIRT	color:white	T-shirt in 100% cotton,Print with rhinestones,Round neck,Long sleeves	Fit:Model height:177 cm,Fit:Model wears size:S,Fit:Sizing advice:This item fits to size. Choose your usual size,Composition:Main material:100% cotton,Sustainability:Organic content:Cotton fibers from organic farming,Care:Washing:Machine-wash inside out on a 30°C delicate cycle with similar colours,Care:Ironing:"Iron inside out at a maximum of 110°C, avoiding any customised details"	Cotton	often_bought_with:id:RWPA01097_BLACK,accessory:id:SWSN00427_WHITE
JWTS02928_CHERRY	WALK T-SHIRT	color:cherry	100% cotton t-shirt,Snake print and rhinestones on the front,Crew neck,Short sleeves	Fit:Model height:176 cm,Fit:Model wears size:S,Composition:Main material:100% cotton,Care:Washing:Machine-wash inside out on a 30°C delicate cycle with similar colours,Care:Ironing:"Iron inside out at a maximum of 110°C, avoiding any customised details"	Cotton	
LWBA04319_SILENT	KATE WALLET DENIM BAG	color:silent	Kate,Wallet bag in denim,Designed by Kate,Removable metal chain,Magnetic flap closure,Loves,"Carried by hand, on the shoulder or cross-body"	Dimensions:Strap height:38.5 cm,Dimensions:Measurements:19 x 9 x 3.5 cm,Composition:Main material:"55% cotton, 45% polyester",Composition:Secondary material:100% calf leather,Composition:Lining:100% cotton,Sustainability:Recycled content:Recycled cotton fibers,Sustainability:Recycled content:Recycled polyester fibers,Sustainability:Recycled content:Recycled cotton fibers,Care:Handling:Avoid contact with liquids,Care:Handling:"Keep away from direct sunlight, heat and rain",Care:Handling:"If it gets wet, dry it immediately with a soft cloth",Care:Handling:Never use soap or solvents,Care:Cleaning:"Store it in the case supplied at the time of purchase To clean it, use a soft, dry cloth"	Cotton/Polyester	
LWBA04315_BLACK	JANIS VINTAGE PATENT BAG	color:black	Vintage-effect patent leather bag,Fine chain,Signature buckle closure and zip fastening,Signature wings Hand or shoulder carry Handle	Dimensions:Height:29.5 cm,Dimensions:Measurements:25.3 x 12.2 x 2.9 cm,Composition:Main material:100% cow leather,Care:Handling:"Protect your leather item from humidity and any source of heat (radiator, sun); Avoid your item coming into contact with water",Care:Cleaning:"Avoid overfilling your bag to ensure its durability In case of stains, contact a leather professional"	Cow leather	
LWBA00001_BLACK	ROCK BAG	color:black	Women's Rock clutch bag in leather,Zipped closure,Flap with magnet fastening,Removable leather and metal chain,Zipped back pocket	Dimensions:Width x height x depth:27 x 13 x 2 cm,Composition:Main material:100% calf leather,Care:Handling:Do not expose your item to a source of heat or to sunlight for a prolonged period,Care:Handling:Avoid routinely overloading your handbag or clutch,Care:Handling:"To prolong its life, store your item in a dust bag and pad it with tissue paper to maintain its shape",Care:Drying:"In the event of accidental exposure to water, leave your item to dry at room temperature, away from direct light",Care:Cleaning:"To maintain the shine of your smooth or grained leather item, use a leather cream or polish"	Calf leather	
LWBA00001_RECORD	ROCK BAG	color:record	Women's Rock clutch bag in leather,Zipped closure,Flap with magnet fastening,Removable leather and metal chain,Zipped back pocket	Dimensions:Width x height x depth:27 x 13 x 2 cm,Composition:Main material:100% calf leather,Care:Handling:Do not expose your item to a source of heat or to sunlight for a prolonged period,Care:Handling:Avoid routinely overloading your handbag or clutch,Care:Handling:"To prolong its life, store your item in a dust bag and pad it with tissue paper to maintain its shape",Care:Drying:"In the event of accidental exposure to water, leave your item to dry at room temperature, away from direct light",Care:Cleaning:"To maintain the shine of your smooth or grained leather item, use a leather cream or polish"	Calf leather	
LWBA00001_HERITAGE	ROCK BAG	color:heritage	Women's Rock clutch bag in leather,Zipped closure,Flap with magnet fastening,Removable leather and metal chain,Zipped back pocket	Dimensions:Width x height x depth:27 x 13 x 2 cm,Composition:Main material:100% calf leather,Care:Handling:Do not expose your item to a source of heat or to sunlight for a prolonged period,Care:Handling:Avoid routinely overloading your handbag or clutch,Care:Handling:"To prolong its life, store your item in a dust bag and pad it with tissue paper to maintain its shape",Care:Drying:"In the event of accidental exposure to water, leave your item to dry at room temperature, away from direct light",Care:Cleaning:"To maintain the shine of your smooth or grained leather item, use a leather cream or polish"	Calf leather	accessory:id:LWSG00011_HERITAGE
LWBA00001_FLASH	ROCK BAG	color:flash	Women's Rock clutch bag in leather,Zipped closure,Flap with magnet fastening,Removable leather and metal chain,Zipped back pocket	Dimensions:Width x height x depth:27 x 13 x 2 cm,Composition:Main material:100% calf leather,Care:Handling:Do not expose your item to a source of heat or to sunlight for a prolonged period,Care:Handling:Avoid routinely overloading your handbag or clutch,Care:Handling:"To prolong its life, store your item in a dust bag and pad it with tissue paper to maintain its shape",Care:Drying:"In the event of accidental exposure to water, leave your item to dry at room temperature, away from direct light",Care:Cleaning:"To maintain the shine of your smooth or grained leather item, use a leather cream or polish"	Calf leather	
LWBA00001_CLAY	ROCK BAG	color:clay	Women's Rock clutch bag in leather,Zipped closure,Flap with magnet fastening,Removable leather and metal chain,Zipped back pocket	Dimensions:Width x height x depth:27 x 13 x 2 cm,Composition:Main material:100% calf leather,Care:Handling:Do not expose your item to a source of heat or to sunlight for a prolonged period,Care:Handling:Avoid routinely overloading your handbag or clutch,Care:Handling:"To prolong its life, store your item in a dust bag and pad it with tissue paper to maintain its shape",Care:Drying:"In the event of accidental exposure to water, leave your item to dry at room temperature, away from direct light",Care:Cleaning:"To maintain the shine of your smooth or grained leather item, use a leather cream or polish"	Calf leather	
LWBA00001_BLACK GOLD	ROCK BAG	color:black gold	Women's Rock clutch bag in leather,Zipped closure,Flap with magnet fastening,Removable leather and metal chain,Zipped back pocket	Dimensions:Width x height x depth:27 x 13 x 2 cm,Composition:Main material:100% calf leather,Care:Handling:Do not expose your item to a source of heat or to sunlight for a prolonged period,Care:Handling:Avoid routinely overloading your handbag or clutch,Care:Handling:"To prolong its life, store your item in a dust bag and pad it with tissue paper to maintain its shape",Care:Drying:"In the event of accidental exposure to water, leave your item to dry at room temperature, away from direct light",Care:Cleaning:"To maintain the shine of your smooth or grained leather item, use a leather cream or polish"	Calf leather	
LWBA00001_DEEP PURPLE	ROCK BAG	color:deep purple	Women's Rock clutch bag in leather,Zipped closure,Flap with magnet fastening,Removable leather and metal chain,Zipped back pocket	Dimensions:Width x height x depth:27 x 13 x 2 cm,Composition:Main material:100% calf leather,Care:Handling:Do not expose your item to a source of heat or to sunlight for a prolonged period,Care:Handling:Avoid routinely overloading your handbag or clutch,Care:Handling:"To prolong its life, store your item in a dust bag and pad it with tissue paper to maintain its shape",Care:Drying:"In the event of accidental exposure to water, leave your item to dry at room temperature, away from direct light",Care:Cleaning:"To maintain the shine of your smooth or grained leather item, use a leather cream or polish"	Calf leather	
LWBA00001_OPTICAL WHITE	ROCK BAG	color:optical white	Women's Rock clutch bag in leather,Zipped closure,Flap with magnet fastening,Removable leather and metal chain,Zipped back pocket	Dimensions:Width x height x depth:27 x 13 x 2 cm,Composition:Main material:100% calf leather,Care:Handling:Do not expose your item to a source of heat or to sunlight for a prolonged period,Care:Handling:Avoid routinely overloading your handbag or clutch,Care:Handling:"To prolong its life, store your item in a dust bag and pad it with tissue paper to maintain its shape",Care:Drying:"In the event of accidental exposure to water, leave your item to dry at room temperature, away from direct light",Care:Cleaning:"To maintain the shine of your smooth or grained leather item, use a leather cream or polish"	Calf leather	
LWBA00001_BROWNIE	ROCK BAG	color:brownie	Women's Rock clutch bag in leather,Zipped closure,Flap with magnet fastening,Removable leather and metal chain,Zipped back pocket	Dimensions:Width x height x depth:27 x 13 x 2 cm,Composition:Main material:100% calf leather,Care:Handling:Do not expose your item to a source of heat or to sunlight for a prolonged period,Care:Handling:Avoid routinely overloading your handbag or clutch,Care:Handling:"To prolong its life, store your item in a dust bag and pad it with tissue paper to maintain its shape",Care:Drying:"In the event of accidental exposure to water, leave your item to dry at room temperature, away from direct light",Care:Cleaning:"To maintain the shine of your smooth or grained leather item, use a leather cream or polish"	Calf leather	
LWBA00001_EMERALD	ROCK BAG	color:emerald	Women's Rock clutch bag in leather,Zipped closure,Flap with magnet fastening,Removable leather and metal chain,Zipped back pocket	Dimensions:Width x height x depth:27 x 13 x 2 cm,Composition:Main material:100% calf leather,Care:Handling:Do not expose your item to a source of heat or to sunlight for a prolonged period,Care:Handling:Avoid routinely overloading your handbag or clutch,Care:Handling:"To prolong its life, store your item in a dust bag and pad it with tissue paper to maintain its shape",Care:Drying:"In the event of accidental exposure to water, leave your item to dry at room temperature, away from direct light",Care:Cleaning:"To maintain the shine of your smooth or grained leather item, use a leather cream or polish"	Calf leather	
LWSG03768_BLACK	CARD HOLDER ZV CARD	color:black	Card holder in leather,6 card slots,2 patch pockets,Embossed Wings signature	Dimensions:Measurements:8.5 x 11 cm,Composition:Main material:100% cow leather,Care:Handling:"Protect your leather item from humidity and any source of heat (radiator, sun); Avoid your item coming into contact with water",Care:Cleaning:"Regularly care for your leather item using a colourless nourishing cream for leather, suitable for leather goods",Care:Cleaning:"In case of stains, contact a leather professional"	Cow leather	
WWSH02313_OFF WHITE	THELY SHIRT 100% SILK	color:off white	100% silk shirt,ZV embroidery,Lace at the sleeve hem,Classic collar,Button fastening,Long sleeves	Fit:Model height:176 cm,Fit:Model wears size:S,Fit:Sizing advice:This item fits to size. Choose your usual size,Composition:Main material:100% silk,Care:Washing:Hand-wash or machine-wash inside out in a mesh laundry bag on a 20°C delicate cycle with a maximum spin speed of 400 rpm,Care:Drying:Air dry flat,Care:Ironing:Iron inside out at a maximum of 110°C	Silk	
RWOW01284_COGNAC	VENEZIA LEATHER JACKET	color:cognac	Suede jacket,Classic collar,Button fastening,Patch pockets,Long sleeves,ZV embroidery signature	Fit:Model height:178 cm,Fit:Model wears size:S,Fit:Sizing advice:"This item has a loose fit. For a more fitted look, choose one size down from your usual size",Composition:Main material:100% goatskin,Care:Cleaning:This garment should be cared for by a leather professional	Goatskin	often_bought_with:id:KWSW02928_BLACK,accessory:id:SWCT02026_BLACK
WWSH02335_JUDO	MORNING SHIRT	color:judo	Oversized cotton poplin shirt,Classic collar,Button fastening,Applied chest pocket with ZV embroidery,Long sleeves and is wearing a size	Fit:Model height:176 cm,Fit:Sizing advice:"This item has a loose fit. For a more fitted look, choose one size down from your usual size",Composition:Main material:100% cotton,Care:Washing:Hand-wash or machine-wash inside out in a mesh laundry bag on a 20°C delicate cycle with a maximum spin speed of 400 rpm,Care:Drying:Air dry flat,Care:Ironing:Iron inside out at a maximum of 110°C	Cotton	
WWPA01902_DARK BLUE	PISTOL PANTS	color:dark blue	Tailored trousers,Italian pockets and welt pockets,Flared cut,High waist Choose your usual size	Fit:Model height:178 cm,Fit:Model wears size:S,Composition:Main material:"43% polyester, 26% polyester, 23% viscose, 8% elastane",Sustainability:Recycled content:Recycled polyester fibers,Sustainability:Responsible sourcing:Viscose fibers from sustainably managed forests,Care:Cleaning:This garment should be dry-cleaned only,Care:Ironing:"Iron inside out at a maximum of 110°C, avoiding any customised details"	Polyester/Viscose/Elastane	
WWPA01902_BLACK	PISTOL PANTS	color:black	Tailored trousers,Italian pockets and welt pockets,Flared cut,High waist Choose your usual size	Fit:Model height:178 cm,Fit:Model wears size:S,Composition:Main material:"43% polyester, 26% polyester, 23% viscose, 8% elastane",Sustainability:Recycled content:Recycled polyester fibers,Sustainability:Responsible sourcing:Viscose fibers from sustainably managed forests,Care:Cleaning:This garment should be dry-cleaned only,Care:Ironing:"Iron inside out at a maximum of 110°C, avoiding any customised details"	Polyester/Viscose/Elastane	
JWTS02851_WHITE	ALYS T-SHIRT	color:white	T-shirt in 100% cotton,Round neck,Short sleeves	Fit:Model height:178 cm,Fit:Model wears size:S,Fit:Sizing advice:This item fits to size. Choose your usual size,Composition:Main material:100% cotton,Care:Washing:Machine-wash inside out on a 30°C delicate cycle with similar colours,Care:Ironing:"Iron inside out at a maximum of 110°C, avoiding any customised details"	Cotton	
JWTS02851_JUDO	ALYS T-SHIRT	color:judo	T-shirt in 100% cotton,Round neck,Short sleeves	Fit:Model height:178 cm,Fit:Model wears size:S,Fit:Sizing advice:This item fits to size. Choose your usual size,Composition:Main material:100% cotton,Care:Washing:Machine-wash inside out on a 30°C delicate cycle with similar colours,Care:Ironing:"Iron inside out at a maximum of 110°C, avoiding any customised details"	Cotton	
RWOW01289_COGNAC	LESSA SUEDE JACKET	color:cognac	Cognac camel suede leather cropped jacket for women,Pointed collar and buttoned fastening,2 flap pockets,Long sleeves,Topstitching and embossed signature wings on the back	Fit:Model height:177 cm,Fit:Model wears size:S,Fit:Sizing advice:We recommend buying your usual size,Composition:Main material:100% goatskin,Care:Cleaning:This garment should be cared for by a leather professional	Goatskin	
JWSS01745_BLACK	SUNCA SWEATSHIRT	color:black	Crew neck,Long sleeves	Fit:Model height:177 cm,Fit:Model wears size:S,Composition:Main material:100% cotton,Care:Washing:Machine-wash inside out on a 30°C delicate cycle with similar colours,Care:Ironing:"Iron inside out at a maximum of 110°C, avoiding any customised details"	Cotton	
WWBL01983_DARK BLUE	VAVY BLAZER	color:dark blue	Structured blazer,Tartan pattern,Classic collar,Single button fastening,"Welt pockets, flap pockets and slit pockets",Long sleeves	Fit:Model height:177 cm,Fit:Model wears size:36,Fit:Sizing advice:"This item has a loose fit. For a more fitted look, choose one size down from your usual size",Composition:Main material:"62% polyester, 34% viscose, 4% elastane",Sustainability:Recycled content:Recycled polyester fibers,Sustainability:Responsible sourcing:Viscose fibers from sustainably managed forests,Care:Cleaning:This garment should be dry-cleaned only	Polyester/Viscose/Elastane	
WWSK01654_DARK BLUE	JUMI SKIRT	color:dark blue	Short tailored pleated skirt,Tartan pattern,Side zip fastening,High waist	Fit:Model height:177 cm,Fit:Model wears size:36,Fit:Sizing advice:This item fits to size. Choose your usual size,Composition:Main material:"62% polyester, 34% viscose, 4% elastane",Care:Washing:Hand-wash or machine-wash inside out in a mesh laundry bag on a 20°C delicate cycle with a maximum spin speed of 400 rpm,Care:Drying:Air dry flat,Care:Ironing:Iron inside out at a maximum of 110°C	Polyester/Viscose/Elastane	
WWDR02702_MEADOW	RHELYNE DRESS 100% SILK	color:meadow	Short,100% silk dress,Bandana print,Classic collar with jabot,Button fastening,Long sleeves,Shirt cut	Fit:Model height:177 cm,Fit:Model wears size:S,Fit:Sizing advice:This item fits to size. Choose your usual size,Composition:Main material:100% silk,Care:Washing:Hand-wash or machine-wash inside out in a mesh laundry bag on a 20°C delicate cycle with a maximum spin speed of 400 rpm,Care:Drying:Air dry flat,Care:Ironing:Iron inside out at a maximum of 110°C	Silk	
KWCA01699_DARK BLUE	MISSYA CARDIGAN 100% CASHMERE	color:dark blue	100% cashmere cardigan,ZV logo embroidered on the chest,Crew neck,Button fastening,Long sleeves,Contrasting body hem and sleeves	Fit:Model height:177 cm,Fit:Model wears size:S,Fit:Sizing advice:This item fits to size. Choose your usual size,Composition:Main material:100% cashmere,Care:Washing:Hand-wash or machine-wash on a 20°C wool cycle with a maximum spin speed of 400 rpm,Care:Handling:Do not twist,Care:Drying:Air dry flat,Care:Ironing:"Iron inside out at a maximum of 110°C, avoiding any customised details"	Cashmere	
KWCA01699_MEDIUM GREY	MISSYA CARDIGAN 100% CASHMERE	color:medium grey	100% cashmere cardigan,ZV logo embroidered on the chest,Crew neck,Button fastening,Long sleeves,Contrasting body hem and sleeves	Fit:Model height:177 cm,Fit:Model wears size:S,Fit:Sizing advice:This item fits to size. Choose your usual size,Composition:Main material:100% cashmere,Care:Washing:Hand-wash or machine-wash on a 20°C wool cycle with a maximum spin speed of 400 rpm,Care:Handling:Do not twist,Care:Drying:Air dry flat,Care:Ironing:"Iron inside out at a maximum of 110°C, avoiding any customised details"	Cashmere	
WWSH00033_BLACK	TINK SATIN TOP	color:black	Fluid satin blouse,Open collar,Gathered details and pleats at the back,Long sleeves and buttoned cuffs	Fit:Model height:180 cm,Fit:Model wears size:S,Fit:Sizing advice:We recommend buying your usual size,Composition:Main material:"57% polyester, 43% polyester",Sustainability:Recycled content:Recycled polyester fibers,Care:Washing:Hand-wash or machine-wash inside out in a mesh laundry bag on a 20°C delicate cycle with a maximum spin speed of 400 rpm,Care:Drying:Air dry flat,Care:Ironing:Iron inside out at a maximum of 110°C	Polyester	
KWSW03009_OFF WHITE	MARKUZ SWEATER	color:off white	Wool and cashmere sweater,All-over wing pointelle pattern,Round neck,Long sleeves	Fit:Sizing advice:This item fits to size. Choose your usual size,Composition:Main material:"90% wool, 10% cashmere",Sustainability:Responsible sourcing:Contains 90% RWS certified wool,Care:Washing:Hand-wash or machine-wash on a 20°C wool cycle with a maximum spin speed of 400 rpm,Care:Handling:Do not twist,Care:Drying:Air dry flat,Care:Ironing:"Iron inside out at a maximum of 110°C, avoiding any customised details"	Wool/Cashmere	accessory:id:LWBA04555_LOVE,accessory:id:SWSN01636_ICE
WWSH00033_OFF WHITE	TINK SATIN TOP	color:off white	Fluid satin blouse,Open collar,Gathered details and pleats at the back,Long sleeves and buttoned cuffs	Fit:Model height:180 cm,Fit:Model wears size:S,Fit:Sizing advice:We recommend buying your usual size,Composition:Main material:"57% polyester, 43% polyester",Sustainability:Recycled content:Recycled polyester fibers,Care:Washing:Hand-wash or machine-wash inside out in a mesh laundry bag on a 20°C delicate cycle with a maximum spin speed of 400 rpm,Care:Drying:Air dry flat,Care:Ironing:Iron inside out at a maximum of 110°C	Polyester	
KWSW02973_HEATHER GREY	SWYNY JUMPER 100% CASHMERE	color:heather grey	100% cashmere jumper,ZV logo embroidered on the chest,V-neck,Long sleeves,Oversized fit	Fit:Model height:177 cm,Fit:Model wears size:S,Fit:Sizing advice:"This item has a loose fit. For a more fitted look, choose one size down from your usual size",Composition:Main material:100% cashmere,Care:Washing:Hand-wash or machine-wash on a 20°C wool cycle with a maximum spin speed of 400 rpm,Care:Handling:Do not twist,Care:Drying:Air dry flat,Care:Ironing:"Iron inside out at a maximum of 110°C, avoiding any customised details"	Cashmere	
LWBT01368_COGNAC	COLTER SUEDE 35MM BELT	color:cognac	Women's suede,35MM width belt,Gold- toned buckle with logo,Adjustable belt with 5 holes	Dimensions:Measurements:90 x 3.5 cm,Composition:Main material:100% cow leather	Cow leather	
LWBT01362_BLACK	COLTER BELT 35MM	color:black	Smooth leather belt,35mm width,Oval buckle with coat of arms engraving	Dimensions:Measurements:90 x 3.5 cm,Composition:Main material:100% cow leather,Care:Handling:"Protect your leather item from humidity and any source of heat (radiator, sun)"	Cow leather	
WWOW01758_LATTE	KIVANA JACKET	color:latte	Short jacket in 100% cotton,Double-breasted,Belted waist,Long sleeves,2 piped pockets	Fit:Model height:176 cm,Fit:Model wears size:S,Fit:Sizing advice:This item fits to size. Choose your usual size,Composition:Main material:100% cotton,Sustainability:Organic content:Cotton fibers from organic farming,Care:Cleaning:This garment should be dry-cleaned only	Cotton	
KWSW03072_BLACK	SOULU JUMPER	color:black	Wool and cashmere jumper,V-neck,Long sleeves,ZV signature on the front	Fit:Model height:176 cm,Fit:Model wears size:S,Composition:Main material:"90% wool, 10% cashmere",Sustainability:Responsible sourcing:Contains 90% RWS certified wool,Care:Washing:Hand-wash or machine-wash on a 20°C wool cycle with a maximum spin speed of 400 rpm,Care:Handling:Do not twist,Care:Drying:Air dry flat,Care:Ironing:"Iron inside out at a maximum of 110°C, avoiding any customised details"	Wool/Cashmere	
KWSW03029_DARK BLUE	SWAPY JUMPER 100% CASHMERE	color:dark blue		Fit:Model height:177 cm,Fit:Model wears size:S,Fit:Sizing advice:This item fits to size. Choose your usual size,Composition:Main material:100% cashmere,Care:Washing:Hand-wash or machine-wash on a 20°C wool cycle with a maximum spin speed of 400 rpm,Care:Handling:Do not twist,Care:Drying:Air dry flat,Care:Ironing:"Iron inside out at a maximum of 110°C, avoiding any customised details"	Cashmere	
OWWT00119_GOLD	WATCH WINGS GOLD	color:gold	Stainless-steel watch,Black dial with silver wings,Quartz movement,"Functions: hour/minute",Water-resistant to 5 bar,Steel bracelet,36 mm round case	Composition:Main material:100% steel,Care:Handling:"To extend the life of your jewellery, we recommend taking care of it and handling it with caution",Care:Handling:"Avoid contact with water and chemical products (perfume, cosmetics, chlorine, hand sanitiser)",Care:Handling:Protect your item from moisture and any heat sources,Care:Handling:"Avoid wearing your jewellery at the beach, at the pool or during sports to prevent shocks and scratches",Care:Handling:Store your jewellery in its pouch,Care:Cleaning:"Clean your jewellery with a soft, dry cloth"	Steel	
OWWT00119_DARK BLUE	WATCH WINGS GOLD	color:dark blue	Stainless-steel watch,Black dial with silver wings,Quartz movement,"Functions: hour/minute",Water-resistant to 5 bar,Steel bracelet,36 mm round case	Composition:Main material:100% steel,Care:Handling:"To extend the life of your jewellery, we recommend taking care of it and handling it with caution",Care:Handling:"Avoid contact with water and chemical products (perfume, cosmetics, chlorine, hand sanitiser)",Care:Handling:Protect your item from moisture and any heat sources,Care:Handling:"Avoid wearing your jewellery at the beach, at the pool or during sports to prevent shocks and scratches",Care:Handling:Store your jewellery in its pouch,Care:Cleaning:"Clean your jewellery with a soft, dry cloth"	Steel	
JWTS02969_LOVE	MIRTA POLO	color:love	100% cotton t-shirt,Stripes,Embroidered crest on the front,Buttoned collar,Short sleeves	Fit:Model height:177 cm,Fit:Model wears size:S,Composition:Main material:100% cotton,Care:Washing:Machine-wash inside out on a 30°C delicate cycle with similar colours,Care:Ironing:"Iron inside out at a maximum of 110°C, avoiding any customised details"	Cotton	
JWTT01297_BLEU OXFORD	ALBAO TANK TOP	color:bleu oxford	Cotton tank top,Stripes,Round neck	Fit:Model height:177 cm,Fit:Model wears size:S,Composition:Main material:"97% cotton, 3% elastane",Care:Washing:Machine-wash inside out on a 30°C delicate cycle with similar colours	Cotton/Elastane	
LWOG02313_POWER	DEVILISH HEART KEYRING	color:power	Leather keyring,Heart shape,ZV logo	Dimensions:Measurements:9 x 8.5 cm,Composition:Main material:100% cow leather,Care:Handling:"Protect your leather item from humidity and any source of heat (radiator, sun)",Care:Cleaning:"Avoid overfilling your bag to ensure its durability In case of stains, contact a leather professional"	Cow leather	
LWOG02298_POWER	LOVE MESSAGE KEYRING	color:power	Leather keyring,Message envelope shape,To attach to a bag,Wings signature	Dimensions:Measurements:6.5 x 4.8 cm,Composition:Main material:100% cow leather,Care:Handling:"Protect your leather item from humidity and any source of heat (radiator, sun)",Care:Handling:Avoid your item coming into contact with water,Care:Handling:Ensure you wear your item with similar colours,Care:Handling:Avoid overfilling your bag to ensure its durability,Care:Cleaning:"Regularly care for your leather item using a colourless nourishing cream for leather, suitable for leather goods",Care:Cleaning:"In case of stains, contact a leather professional"	Cow leather	
KWSW03036_LOVE	IDAZ JUMPER 100% CASHMERE	color:love	Need,Is Rock n,Crew neck,Short sleeves	Fit:Sizing advice:This item fits to size. Choose your usual size,Composition:Main material:100% cashmere,Care:Washing:Hand-wash or machine-wash on a 20°C wool cycle with a maximum spin speed of 400 rpm,Care:Handling:Do not twist,Care:Drying:Air dry flat,Care:Ironing:"Iron inside out at a maximum of 110°C, avoiding any customised details"	Cashmere	
WWCR01336_BLACK	CHRISTY CAMISOLE 100% SILK	color:black	Lingerie-inspired camisole in 100% silk,Contrasting lace with motifs on the neckline,Thin adjustable straps,This,French lace was made by Sophie,Hallette exclusively for Zadig&Voltaire	Fit:Model height:180 cm,Fit:Model wears size:S,Fit:Sizing advice:This item fits to size. Choose your usual size,Composition:Main material:100% silk,Care:Washing:Hand-wash or machine-wash inside out in a mesh laundry bag on a 20°C delicate cycle with a maximum spin speed of 400 rpm,Care:Drying:Air dry flat,Care:Ironing:Iron inside out at a maximum of 110°C	Silk	
PWGCU1404F_BLACK	PAX LEATHER SHORTS	color:black	Shorts in crinkled leather,Elastic waistband	Fit:Model height:180 cm,Fit:Model wears size:36,Fit:Sizing advice:We recommend buying your usual size,Composition:Main material:100% lambskin,Care:Cleaning:This garment should be cared for by a leather professional	Lambskin	
WWDR02691_BLACK	RISTY 100% SILK DRESS	color:black	Midi dress in 100% silk,Exclusive French lace,V-neckline,Adjustable straps,Fluid fit	Fit:Sizing advice:This item fits to size. Choose your usual size,Composition:Main material:100% silk,Care:Washing:Hand-wash or machine-wash inside out in a mesh laundry bag on a 20°C delicate cycle with a maximum spin speed of 400 rpm,Care:Drying:Air dry flat,Care:Ironing:Iron inside out at a maximum of 110°C	Silk	
WWCR01313_OFF WHITE	CHRISTY CAMISOLE 100% SILK	color:off white	Lingerie-inspired camisole in 100% silk,Contrasting lace with motifs on the neckline,Thin adjustable straps	Fit:Model height:180 cm,Fit:Model wears size:S,Fit:Sizing advice:This item fits 1 to size. Choose your usual size,Composition:Main material:100% silk,Care:Washing:Hand-wash or machine-wash inside out in a mesh laundry bag on a 20°C delicate cycle with a maximum spin speed of 400 rpm,Care:Drying:Air dry flat,Care:Ironing:Iron inside out at a maximum of 110°C	Silk	
WWDR02638_LOVE	ROUNA DRESS 100% SILK	color:love	Dress in 100% silk,Jacquard pattern,Deep neckline,Long sleeves,Slit,Asymmetrical cut Choose your usual size	Fit:Model height:181 cm,Fit:Model wears size:S,Composition:Main material:100% silk,Care:Washing:Hand-wash or machine-wash inside out in a mesh laundry bag on a 20°C delicate cycle with a maximum spin speed of 400 rpm,Care:Drying:Air dry flat,Care:Ironing:Iron inside out at a maximum of 110°C	Silk	
KWSW03019_LOVE	SWAPY JUMPER 100% CASHMERE	color:love		Fit:Model height:177 cm,Fit:Model wears size:S,Fit:Sizing advice:"This item has a loose fit. For a more fitted look, choose one size down from your usual size",Composition:Main material:100% cashmere,Care:Washing:Hand-wash or machine-wash on a 20°C wool cycle with a maximum spin speed of 400 rpm,Care:Handling:Do not twist,Care:Drying:Air dry flat,Care:Ironing:"Iron inside out at a maximum of 110°C, avoiding any customised details"	Cashmere	
RWBS00001_LOVE	PAX LEATHER SHORTS	color:love	Crinkled leather shorts,Elasticated waist,Regular fit	Fit:Model height:176 cm,Fit:Model wears size:36,Fit:Sizing advice:We recommend buying your usual size,Composition:Main material:"100% lambskin, 100% lambskin",Care:Cleaning:This garment should be cared for by a leather professional	Lambskin	
WWPA01878_MOSS	POMA PANTS	color:moss	Straight-cut tailored trousers with a jogging-style twist,Satin stripes,Elasticated waistband,Welt pockets,Low waist,Regular fit	Fit:Model height:180 cm,Fit:Model wears size:36,Fit:Sizing advice:This item fits to size. Choose your usual size,Composition:Main material:"43% polyester, 26% polyester, 23% viscose, 8% elastane",Sustainability:Recycled content:Recycled polyester fibers,Care:Washing:Hand-wash or machine-wash on a 20°C wool cycle with a maximum spin speed of 400 rpm; Do not wring,Care:Drying:Air dry flat,Care:Ironing:"Iron inside out at a maximum of 110°C, avoiding any customised details"	Polyester/Viscose/Elastane	
WWPA01878_LOVE	POMA PANTS	color:love	Straight-cut tailored trousers with a jogging-style twist,Satin stripes,Elasticated waistband,Welt pockets,Low waist,Regular fit	Fit:Model height:180 cm,Fit:Model wears size:36,Fit:Sizing advice:This item fits to size. Choose your usual size,Composition:Main material:"43% polyester, 26% polyester, 23% viscose, 8% elastane",Sustainability:Recycled content:Recycled polyester fibers,Care:Washing:Hand-wash or machine-wash on a 20°C wool cycle with a maximum spin speed of 400 rpm; Do not wring,Care:Drying:Air dry flat,Care:Ironing:"Iron inside out at a maximum of 110°C, avoiding any customised details"	Polyester/Viscose/Elastane	
WWPA01878_GLOOM	POMA PANTS	color:gloom	Straight-cut tailored trousers with a jogging-style twist,Satin stripes,Elasticated waistband,Welt pockets,Low waist,Regular fit	Fit:Model height:180 cm,Fit:Model wears size:36,Fit:Sizing advice:This item fits to size. Choose your usual size,Composition:Main material:"43% polyester, 26% polyester, 23% viscose, 8% elastane",Sustainability:Recycled content:Recycled polyester fibers,Care:Washing:Hand-wash or machine-wash on a 20°C wool cycle with a maximum spin speed of 400 rpm; Do not wring,Care:Drying:Air dry flat,Care:Ironing:"Iron inside out at a maximum of 110°C, avoiding any customised details"	Polyester/Viscose/Elastane	
WWPA01878_DARK BLUE	POMA PANTS	color:dark blue	Straight-cut tailored trousers with a jogging-style twist,Satin stripes,Elasticated waistband,Welt pockets,Low waist,Regular fit	Fit:Model height:180 cm,Fit:Model wears size:36,Fit:Sizing advice:This item fits to size. Choose your usual size,Composition:Main material:"43% polyester, 26% polyester, 23% viscose, 8% elastane",Sustainability:Recycled content:Recycled polyester fibers,Care:Washing:Hand-wash or machine-wash on a 20°C wool cycle with a maximum spin speed of 400 rpm; Do not wring,Care:Drying:Air dry flat,Care:Ironing:"Iron inside out at a maximum of 110°C, avoiding any customised details"	Polyester/Viscose/Elastane	
RWBL00059_BLACK	VALSE LEATHER BLAZER	color:black	Straight blazer in crinkled leather,Single-button fastening,Classic collar,Patch pockets,Long sleeves with shoulder pads,Straight cut	Fit:Model height:177 cm,Fit:Model wears size:S,Fit:Sizing advice:We recommend buying your usual size,Composition:Main material:100% lambskin,Care:Cleaning:This garment should be cared for by a leather professional	Lambskin	accessory:id:LWBA04310_BLACK,often_bought_with:id:RWPA01106_BLACK
WWDR02609_JUDO	REROL DRESS	color:judo	Long cotton dress,Lace details,Sleeveless Wings embroidery on the back,Asymmetric cut	Fit:Model height:174 cm,Fit:Model wears size:S,Fit:Sizing advice:This item fits to size. Choose your usual size,Composition:Main material:"75% cotton, 25% viscose",Sustainability:Organic content:Cotton fibers from organic farming,Sustainability:Responsible sourcing:Viscose fibers from sustainably managed forests,Care:Washing:Hand-wash or machine-wash inside out in a mesh laundry bag on a 20°C delicate cycle with a maximum spin speed of 400 rpm,Care:Drying:Air dry flat,Care:Ironing:Iron inside out at a maximum of 110°C	Cotton/Viscose	accessory:id:LWBA04345_GOLD
WWSK01653_BLEU OXFORD	JARVIS SKIRT	color:bleu oxford	Lingerie-inspired midi skirt in viscose,Bandana print,Lace,Fluid cut	Fit:Model height:177 cm,Fit:Model wears size:36,Fit:Sizing advice:This item fits to size. Choose your usual size,Composition:Main material:100% viscose,Sustainability:Responsible sourcing:Viscose fibers from sustainably managed forests,Care:Washing:Hand-wash or machine-wash inside out in a mesh laundry bag on a 20°C delicate cycle with a maximum spin speed of 400 rpm,Care:Drying:Air dry flat,Care:Ironing:Iron inside out at a maximum of 110°C	Viscose	
OWJW01728_SHINY SILVER	ROCK STAR EARRINGS	color:shiny silver	Shiny Silver earrings in silver-plated brass for women,One with a double chain,"Stars, lightning bolts, and studded spikes"	Composition:Main material:100% brass,Care:Cleaning:"Clean you jewellery with a soft, dry cloth",Care:Handling:"Avoid contact with water and chemicals (fragrance, cosmetics, chlorine, hydroalcoholic gel)",Care:Handling:Protect your jewellery from humidity and any source of heat,Care:Handling:Avoid sleeping with your jewellery on,Care:Handling:Store your jewellery in its protective pouch	Brass	
WWSH02325_BLEU OXFORD	TINK SHIRT	color:bleu oxford	Viscose shirt,Bandana print,V-neck,Long sleeves is wearing a size,Choose your usual size	Fit:Model height:177 cm,Composition:Main material:100% viscose,Sustainability:Responsible sourcing:Viscose fibers from sustainably managed forests,Care:Washing:Hand-wash or machine-wash inside out in a mesh laundry bag on a 20°C delicate cycle with a maximum spin speed of 400 rpm,Care:Drying:Air dry flat,Care:Ironing:Iron inside out at a maximum of 110°C	Viscose	
RWOW01265_JUDO	LIAMYS LEATHER JACKET	color:judo	Smooth leather jacket,Classic collar,Button fastening,Welt pockets and flap pockets,Long sleeves	Fit:Model height:179 cm,Fit:Model wears size:S,Composition:Main material:100% lambskin,Care:Cleaning:This garment should be cared for by a leather professional	Lambskin	accessory:id:LWBA04310_FLASH,accessory:id:OWWT00129_ELECTRIC
WWTO01982_BLACK	TARYS SATIN TOP	color:black	Japanese satin tank top,Signature wing design with rhinestones on the back,U-neck and wide straps	Fit:Model height:176 cm,Fit:Model wears size:S,Fit:Sizing advice:We recommend buying your usual size,Composition:Main material:"57% polyester, 43% polyester",Care:Washing:Hand-wash or machine-wash inside out in a mesh laundry bag on a 20°C delicate cycle with a maximum spin speed of 400 rpm,Care:Drying:Air dry flat,Care:Ironing:Iron inside out at a maximum of 110°C	Polyester	
WWPA01909_BLACK	PREVY VELVET PANTS	color:black	Trousers in 100% cotton,Smooth velvet,Multiple pockets,Low waist,Flared fit	Fit:Model height:176 cm,Fit:Model wears size:36,Fit:Sizing advice:This item fits to size. Choose your usual size,Composition:Main material:100% cotton,Sustainability:Organic content:Cotton fibers from organic farming,Care:Cleaning:This garment should be dry-cleaned only,Care:Ironing:"Iron inside out at a maximum of 110°C, avoiding any customised details"	Cotton	
OWJW00630_SHINY GOLD	ROCK EARRINGS	color:shiny gold	Wings,Women's Shiny Silver silver-tone brass earrings,Wings embellished with diamant,Posts and backs	Dimensions:Length:2.5 cm,Sustainability:Recycled content:"A minimum of 75% recycled brass, excluding chains and clasps",Composition:Main material:100% brass,Care:Cleaning:"Clean you jewellery with a soft, dry cloth",Care:Handling:"Avoid contact with water and chemicals (fragrance, cosmetics, chlorine, hydroalcoholic gel)",Care:Handling:Protect your jewellery from humidity and any source of heat,Care:Handling:Avoid sleeping with your jewellery on,Care:Handling:Store your jewellery in its protective pouch	Brass	
OWJW00630_SHINY SILVER	ROCK EARRINGS	color:shiny silver	Wings,Women's Shiny Silver silver-tone brass earrings,Wings embellished with diamant,Posts and backs	Dimensions:Length:2.5 cm,Sustainability:Recycled content:"A minimum of 75% recycled brass, excluding chains and clasps",Composition:Main material:100% brass,Care:Cleaning:"Clean you jewellery with a soft, dry cloth",Care:Handling:"Avoid contact with water and chemicals (fragrance, cosmetics, chlorine, hydroalcoholic gel)",Care:Handling:Protect your jewellery from humidity and any source of heat,Care:Handling:Avoid sleeping with your jewellery on,Care:Handling:Store your jewellery in its protective pouch	Brass	
WWSK01655_BLEU OXFORD	JUPITER SKIRT	color:bleu oxford	Short viscose skirt,Bandana print,Wrap style,Mini cut	Fit:Model height:177 cm,Fit:Model wears size:36,Fit:Sizing advice:This item fits to size. Choose your usual size,Composition:Main material:100% viscose,Sustainability:Responsible sourcing:Viscose fibers from sustainably managed forests,Care:Washing:Hand-wash or machine-wash inside out in a mesh laundry bag on a 20°C delicate cycle with a maximum spin speed of 400 rpm,Care:Drying:Air dry flat,Care:Ironing:Iron inside out at a maximum of 110°C	Viscose	
WWOW01763_DENIM	BASES CORDUROY JACKET	color:denim	Denim corduroy jacket,Classic collar,Button fastening and back adjustment tabs,2 flap chest pockets and 2 piped pockets,Long sleeves and buttoned cuffs	Fit:Sizing advice:This item fits to size. Choose your usual size,Composition:Main material:"98% cotton, 2% elastane",Sustainability:Organic content:Cotton fibers from organic farming,Care:Cleaning:This garment should be dry-cleaned only	Cotton/Elastane	
WWPA01896_DENIM	EVY PANTS	color:denim	Wide-leg corduroy trousers,"Patch pockets, jean pockets and ticket pocket",Mid-rise waist,Straight cut Choose your usual size	Fit:Model height:178 cm,Fit:Model wears size:S,Composition:Main material:"98% cotton, 2% elastane",Sustainability:Organic content:Cotton fibers from organic farming,Care:Cleaning:This garment should be dry-cleaned only,Care:Ironing:"Iron inside out at a maximum of 110°C, avoiding any customised details"	Cotton/Elastane	
OWJW01732_SHINY SILVER	ROCK STAR SINGLE NECKLACE	color:shiny silver	Women's Shiny Silver choker necklace in silver-tone brass,Stars	Composition:Main material:100% brass,Care:Cleaning:"Clean you jewellery with a soft, dry cloth",Care:Handling:"Avoid contact with water and chemicals (fragrance, cosmetics, chlorine, hydroalcoholic gel)",Care:Handling:Protect your jewellery from humidity and any source of heat,Care:Handling:Avoid sleeping with your jewellery on,Care:Handling:Store your jewellery in its protective pouch	Brass	
WWSK01627_JUDO	JETRO LACE SKIRT	color:judo	Long skirt,Lace,Asymmetric cut	Fit:Model height:179 cm,Fit:Model wears size:36,Fit:Sizing advice:This item fits to size. Choose your usual size,Composition:Main material:"75% cotton, 25% viscose",Sustainability:Organic content:Cotton fibers from organic farming,Sustainability:Responsible sourcing:Viscose fibers from sustainably managed forests,Care:Washing:Wash before wear; Machine-wash inside out on a 30°C delicate cycle with similar colours,Care:Ironing:"Iron inside out at a maximum of 150°C, or in case of customised details, at a maximum of 110°C avoiding the customised details"	Cotton/Viscose	accessory:id:LWBA04211_TANDEM
WWCR01349_BLEU OXFORD	CESPA CAMISOLE	color:bleu oxford	Viscose camisole,Bandana print,V-neckline with lace,Adjustable straps,Regular fit is wearing a size,Choose your usual size	Fit:Model height:177 cm,Composition:Main material:100% viscose,Sustainability:Responsible sourcing:Viscose fibers from sustainably managed forests,Care:Washing:Hand-wash or machine-wash inside out in a mesh laundry bag on a 20°C delicate cycle with a maximum spin speed of 400 rpm,Care:Drying:Air dry flat,Care:Ironing:Iron inside out at a maximum of 110°C	Viscose	
WWCR01332_GLOOM	CESPA CAMISOLE 100% SILK	color:gloom	100% silk jacquard camisole,Horse motif,V-neck with lace,Adjustable straps Wings embroidery on the back	Fit:Model height:177 cm,Fit:Model wears size:S,Fit:Sizing advice:This item fits to size. Choose your usual size,Composition:Main material:100% silk,Care:Washing:Hand-wash or machine-wash inside out in a mesh laundry bag on a 20°C delicate cycle with a maximum spin speed of 400 rpm,Care:Drying:Air dry flat,Care:Ironing:Iron inside out at a maximum of 110°C	Silk	
WWCR01332_BLUE NAVY	CESPA CAMISOLE 100% SILK	color:blue navy	100% silk jacquard camisole,Horse motif,V-neck with lace,Adjustable straps Wings embroidery on the back	Fit:Model height:177 cm,Fit:Model wears size:S,Fit:Sizing advice:This item fits to size. Choose your usual size,Composition:Main material:100% silk,Care:Washing:Hand-wash or machine-wash inside out in a mesh laundry bag on a 20°C delicate cycle with a maximum spin speed of 400 rpm,Care:Drying:Air dry flat,Care:Ironing:Iron inside out at a maximum of 110°C	Silk	
WWSK01668_GLOOM	JAYLA SKIRT 100% SILK	color:gloom	Lingerie-inspired skirt in 100% jacquard silk,Horse motif,Lace,Zip fastening,Midi length	Fit:Model height:176 cm,Fit:Model wears size:36,Fit:Sizing advice:This item fits to size. Choose your usual size,Composition:Main material:100% silk,Care:Washing:Hand-wash or machine-wash inside out in a mesh laundry bag on a 20°C delicate cycle with a maximum spin speed of 400 rpm,Care:Drying:Air dry flat,Care:Ironing:Iron inside out at a maximum of 110°C	Silk	
KWSW03073_DARK BLUE	SWYNY JUMPER 100% CASHMERE	color:dark blue	100% cashmere jumper,All-over rhinestones,V-neck,Long sleeves,Oversized fit,ZV logo	Fit:Model height:175 cm,Fit:Model wears size:S,Fit:Sizing advice:"This item has a loose fit. For a more fitted look, choose one size down from your usual size",Composition:Main material:100% cashmere,Care:Washing:Hand-wash or machine-wash on a 20°C wool cycle with a maximum spin speed of 400 rpm,Care:Handling:Do not twist,Care:Drying:Air dry flat,Care:Ironing:"Iron inside out at a maximum of 110°C, avoiding any customised details"	Cashmere	accessory:id:LWBA04538_COGNAC,accessory:id:LWBT01361_COGNAC,accessory:id:SWCT02150_COGNAC
KWSW02923_BLACK	NALMA JUMPER 100% CASHMERE	color:black	Jumper in 100% cashmere,High collar,Jewel button,Long sleeves	Fit:Model height:179 cm,Fit:Model wears size:S,Fit:Sizing advice:This item fits to size. Choose your usual size,Composition:Main material:100% cashmere,Care:Washing:Hand-wash or machine-wash on a 20°C wool cycle with a maximum spin speed of 400 rpm; Do not wring,Care:Drying:Air dry flat,Care:Ironing:"Iron inside out at a maximum of 110°C, avoiding any customised details"	Cashmere	
KWCA01690_TEA	SAYA CARDIGAN	color:tea	100% cotton cardigan,Fancy stitch pattern,Round neck,Buckle fastening,Long sleeves	Fit:Model height:179 cm,Fit:Model wears size:S,Fit:Sizing advice:This item fits to size. Choose your usual size,Composition:Main material:"82% cotton, 12% polyester, 6% metallic fibre",Care:Washing:Machine-wash inside out on a 30°C delicate cycle with similar colours,Care:Ironing:"Iron inside out at a maximum of 110°C, avoiding any customised details"	Cotton/Polyester/Metallic fibre	accessory:id:LWBA04322_WOOD,accessory:id:SWSN01636_ICE
KWSW02926_EGGSHELL	MARKUZ SWEATER 100% CASHMERE	color:eggshell	Jumper in 100% cashmere,Hearts and rhinestone customisation,Round neck,Long sleeves	Fit:Model height:178 cm,Fit:Model wears size:S,Fit:Sizing advice:"This item has a loose fit. For a more fitted look, choose one size down from your usual size",Composition:Main material:100% cashmere,Care:Washing:Hand-wash or machine-wash on a 20°C wool cycle with a maximum spin speed of 400 rpm; Do not wring,Care:Drying:Air dry flat,Care:Ironing:"Iron inside out at a maximum of 110°C, avoiding any customised details"	Cashmere	accessory:id:LWBA03803_BLACK,accessory:id:SWCT02026_BLACK
KWCA01685_VANILLE	MALLY SLEEVLESS VEST	color:vanille	Sleeveless cardigan in cotton and wool,Embroidery and decorative stitches,V-neck,Button fastening,Patch pockets with signature buttons	Fit:Model height:181 cm,Fit:Model wears size:S,Fit:Sizing advice:This item fits to size. Choose your usual size,Composition:Main material:"85% cotton, 15% wool",Care:Washing:Hand-wash or machine-wash on a 20°C wool cycle with a maximum spin speed of 400 rpm; Do not wring,Care:Drying:Air dry flat,Care:Ironing:"Iron inside out at a maximum of 110°C, avoiding any customised details"	Cotton/Wool	
KWSW02931_EGGSHELL	IDAL SWEATER 100% CASHMERE	color:eggshell	Short-sleeved jumper in 100% cashmere,Intarsia pattern and rhinestones	Fit:Model height:178 cm,Fit:Model wears size:S,Composition:Main material:100% cashmere,Care:Washing:Hand-wash or machine-wash on a 20°C wool cycle with a maximum spin speed of 400 rpm; Do not wring,Care:Drying:Air dry flat,Care:Ironing:"Iron inside out at a maximum of 110°C, avoiding any customised details"	Cashmere	accessory:id:OWJW01758_BLACK,accessory:id:SWCT02097_BLACK
KWCA01672_OFF WHITE	VOLTYZ CARDIGAN	color:off white	Shirt collar,Button fastening,Patch pockets,Long sleeves	Fit:Model height:181 cm,Fit:Model wears size:S,Fit:Sizing advice:This item fits to size. Choose your usual size,Composition:Main material:"55% linen, 45% cotton",Care:Washing:Machine-wash inside out on a 30°C delicate cycle; Do not bleach and do not tumble dry,Care:Ironing:"Iron inside out at a maximum of 150°C, avoiding any customised details"	Linen/Cotton	
KWSW02932_CREAM	SWYNA SWEATER	color:cream	Jumper in wool and cashmere,Round neckline,Button fastening with jewelled buttons,Long sleeves,Oversized fit	Fit:Model height:178 cm,Fit:Model wears size:XXS,Fit:Sizing advice:"This item has a loose fit. For a more fitted look, choose one size down from your usual size",Composition:Main material:"90% merino wool, 10% cashmere",Care:Washing:Hand-wash or machine-wash on a 20°C wool cycle with a maximum spin speed of 400 rpm; Do not wring,Care:Drying:Air dry flat,Care:Ironing:"Iron inside out at a maximum of 110°C, avoiding any customised details"	Merino wool/Cashmere	accessory:id:LWBA04322_WOOD,accessory:id:OWSC01504_FIERCE,accessory:id:SWSN01635_COGNAC
KWSW01661_BLACK	RIVY SWEATER 100% CASHMERE	color:black	Women's feather cashmere jumper,V-neck,Long sleeves and ribbed edges with distressed effect,Signature wings embroidered on the back	Fit:Model height:175 cm,Fit:Model wears size:S,Fit:Sizing advice:We recommend buying your usual size,Composition:Main material:100% cashmere,Care:Washing:Hand-wash or machine-wash on a 20°C wool cycle with a maximum spin speed of 400 rpm; Do not wring,Care:Drying:Air dry flat,Care:Ironing:"Iron inside out at a maximum of 110°C, avoiding any customised details"	Cashmere	
KWSW02928_BLACK	SWYNA SWEATER	color:black	Jumper in wool and cashmere,Intarsia embroidery,Round neckline,Long sleeves,Oversized fit	Fit:Model height:178 cm,Fit:Model wears size:XXS,Fit:Sizing advice:"This item has a loose fit. For a more fitted look, choose one size down from your usual size",Composition:Main material:"90% merino wool, 10% cashmere",Care:Washing:Hand-wash or machine-wash on a 20°C wool cycle with a maximum spin speed of 400 rpm; Do not wring,Care:Drying:Air dry flat,Care:Ironing:"Iron inside out at a maximum of 110°C, avoiding any customised details"	Merino wool/Cashmere	accessory:id:SWCT02097_BLACK
KWSW02851_BLACK	MALTY SWEATER	color:black	Jumper in wool and cashmere,Round neckline,Long sleeves with lacing and frayed edges	Fit:Model height:178 cm,Fit:Model wears size:S,Fit:Sizing advice:This item fits to size. Choose your usual size,Composition:Main material:"90% wool, 10% cashmere",Care:Washing:Hand-wash or machine-wash on a 20°C wool cycle with a maximum spin speed of 400 rpm; Do not wring,Care:Drying:Air dry flat,Care:Ironing:"Iron inside out at a maximum of 110°C, avoiding any customised details"	Wool/Cashmere	accessory:id:LWBA04151_GUN
KWSW02858_TANGERINE	MALTY SWEATER 100% CASHMERE	color:tangerine	Jumper in 100% cashmere,Dip dye effect,Round neck with button opening,Long sleeves Choose your usual size	Fit:Model height:178 cm,Fit:Model wears size:S,Composition:Main material:100% cashmere,Care:Washing:Hand-wash or machine-wash on a 20°C wool cycle with a maximum spin speed of 400 rpm; Do not wring,Care:Drying:Air dry flat,Care:Ironing:"Iron inside out at a maximum of 110°C, avoiding any customised details"	Cashmere	
KWSW02860_OLIVE	MORA SWEATER 100% CASHMERE	color:olive	100% cashmere jumper,High neck with button fastening,Long sleeves,ZV signature Choose your usual size	Fit:Model height:178 cm,Fit:Model wears size:S,Composition:Main material:100% cashmere,Care:Washing:Hand-wash or machine-wash on a 20°C wool cycle with a maximum spin speed of 400 rpm; Do not wring,Care:Drying:Air dry flat,Care:Ironing:"Iron inside out at a maximum of 110°C, avoiding any customised details"	Cashmere	often_bought_with:id:RWPA01105_TREILLIS,accessory:id:SWSN01635_COGNAC
KWSW02865_OLIVE	MARKUZ SWEATER 100% CASHMERE	color:olive	Jumper in 100% cashmere,Star intarsia motif,Round neck,Long sleeves	Fit:Model height:178 cm,Fit:Model wears size:S,Fit:Sizing advice:"This item has a loose fit. For a more fitted look, choose one size down from your usual size",Composition:Main material:100% cashmere,Care:Washing:Hand-wash or machine-wash on a 20°C wool cycle with a maximum spin speed of 400 rpm; Do not wring,Care:Drying:Air dry flat	Cashmere	accessory:id:LWBT01337_BLACK,often_bought_with:id:RWPA01105_TREILLIS,accessory:id:SWSN01635_COGNAC
WWDR02703_MEADOW	RESPA DRESS 100% SILK	color:meadow	Long dress in 100% silk,Bandana print and lace,Adjustable straps,Side slit,Fluid fit	Fit:Model height:177 cm,Fit:Model wears size:S,Composition:Main material:100% silk,Care:Washing:Hand-wash or machine-wash inside out in a mesh laundry bag on a 20°C delicate cycle with a maximum spin speed of 400 rpm,Care:Drying:Air dry flat,Care:Ironing:Iron inside out at a maximum of 110°C	Silk	
WWDR02612_BLACK	RIDAR DRESS 100% SILK	color:black	Mid-length dress in 100% silk,Lingerie spirit,Adjustable straps,Lace at chest and hem	Fit:Model height:178 cm,Fit:Model wears size:S,Fit:Sizing advice:This item fits to size. Choose your usual size,Composition:Main material:100% silk,Care:Washing:Hand-wash or machine-wash inside out in a mesh laundry bag on a 20°C delicate cycle with a maximum spin speed of 400 rpm,Care:Drying:Air dry flat,Care:Ironing:Iron inside out at a maximum of 110°C	Silk	accessory:id:SWCT02026_BLACK,often_bought_with:id:WWBL00864_BLACK
WWDR02719_BLUE NAVY	RESPA DRESS 100% SILK	color:blue navy	Mid-length lingerie-style dress in 100% silk,Jacquard with lace,V-neckline,Adjustable straps,Signature wings embroidery on the back	Fit:Model height:177 cm,Fit:Model wears size:S,Fit:Sizing advice:This item fits to size. Choose your usual size,Composition:Main material:100% silk,Care:Washing:Hand-wash or machine-wash inside out in a mesh laundry bag on a 20°C delicate cycle with a maximum spin speed of 400 rpm,Care:Drying:Air dry flat,Care:Ironing:Iron inside out at a maximum of 110°C	Silk	
WWDR02695_BLEU OXFORD	RIPPIE DRESS	color:bleu oxford	Long viscose dress,Bandana print,Pleated bustier,Adjustable straps is wearing a size,Choose your usual size	Fit:Model height:177 cm,Composition:Main material:100% viscose,Sustainability:Responsible sourcing:Viscose fibers from sustainably managed forests,Care:Washing:Hand-wash or machine-wash inside out in a mesh laundry bag on a 20°C delicate cycle with a maximum spin speed of 400 rpm,Care:Drying:Air dry flat,Care:Ironing:Iron inside out at a maximum of 110°C	Viscose	
WWDR02630_PEAR	RISTYM DRESS	color:pear	Long lingerie-inspired dress,Printed,V-neckline with lace,Adjustable straps,Fluid fit	Fit:Model height:179 cm,Fit:Model wears size:S,Fit:Sizing advice:This item fits to size. Choose your usual size,Composition:Main material:100% viscose,Sustainability:Responsible sourcing:Viscose fibers from sustainably managed forests,Care:Washing:Hand-wash or machine-wash inside out in a mesh laundry bag on a 20°C delicate cycle with a maximum spin speed of 400 rpm,Care:Drying:Air dry flat,Care:Ironing:Iron inside out at a maximum of 110°C	Viscose	accessory:id:LWBA03973_SILVER,accessory:id:OWWT00129_ELECTRIC
WWDR02645_PEAR	REROL DRESS	color:pear	Long sleeveless dress,Printed,V-neckline,Embroidered wings on the back,Asymmetrical cut	Fit:Model height:179 cm,Fit:Model wears size:S,Fit:Sizing advice:This item fits to size. Choose your usual size,Composition:Main material:100% viscose,Sustainability:Responsible sourcing:Viscose fibers from sustainably managed forests,Care:Washing:Hand-wash or machine-wash inside out in a mesh laundry bag on a 20°C delicate cycle with a maximum spin speed of 400 rpm,Care:Drying:Air dry flat,Care:Ironing:Iron inside out at a maximum of 110°C	Viscose	
WWDR02539_BLACK	RIKAL DRESS 100% SILK	color:black	Long dress in 100% silk,Jacquard horses pattern with strass,Deep neckline with tie,Long flared sleeves,Side slit	Fit:Model height:178 cm,Composition:Main material:100% silk,Care:Washing:Hand-wash or machine-wash inside out in a mesh laundry bag on a 20°C delicate cycle with a maximum spin speed of 400 rpm,Care:Drying:Air dry flat,Care:Ironing:Iron inside out at a maximum of 110°C	Silk	
WWSK01637_BLACK	JAYLA SKIRT	color:black	Mid-length lingerie-inspired skirt,Slit with lace,Back zip closure,Fluid cut Choose your usual size	Fit:Model height:178 cm,Fit:Model wears size:S,Composition:Main material:100% viscose,Sustainability:Responsible sourcing:Viscose fibers from sustainably managed forests,Care:Washing:Hand-wash or machine-wash inside out in a mesh laundry bag on a 20°C delicate cycle with a maximum spin speed of 400 rpm,Care:Drying:Air dry flat,Care:Ironing:Iron inside out at a maximum of 110°C	Viscose	accessory:id:LWBA03891_BLACK
WWDR02660_BABY BLUE	RAMELIL 100% SILK DRESS	color:baby blue	Long dress in 100% silk,Paisley jacquard,V-neckline,Adjustable straps,Back wing embroidery,Lace,Slit	Fit:Model height:181 cm,Fit:Model wears size:S,Fit:Sizing advice:This item fits to size. Choose your usual size,Composition:Main material:100% silk,Care:Washing:Hand-wash or machine-wash inside out in a mesh laundry bag on a 20°C delicate cycle with a maximum spin speed of 400 rpm,Care:Drying:Air dry flat,Care:Ironing:Iron inside out at a maximum of 110°C	Silk	accessory:id:LWBA04053_BLACK,accessory:id:OWWT00130_SILVER,often_bought_with:id:RWBL00059_BLACK,accessory:id:SWCT02026_BLACK
KWDR01234_VANILLE	LULU DRESS	color:vanille	Polo-inspired knit dress,Embroidery and decorative stitches,Shirt collar,Short sleeves	Fit:Model height:181 cm,Fit:Model wears size:S,Fit:Sizing advice:This item fits to size. Choose your usual size,Composition:Main material:"85% cotton, 15% wool",Care:Washing:Hand-wash or machine-wash on a 20°C wool cycle with a maximum spin speed of 400 rpm; Do not wring,Care:Drying:Air dry flat,Care:Ironing:"Iron inside out at a maximum of 110°C, avoiding any customised details"	Cotton/Wool	accessory:id:LWOG02296_BLACK
KWSK01027_OFF WHITE	SOLY SKIRT	color:off white	Cotton and linen skirt,Machine crochet with jacquard,Long length,Lining	Fit:Model height:181 cm,Fit:Model wears size:S,Fit:Sizing advice:This item fits to size. Choose your usual size,Composition:Main material:"55% linen, 45% cotton",Care:Washing:Machine-wash inside out on a 30°C delicate cycle; Do not bleach and do not tumble dry,Care:Ironing:"Iron inside out at a maximum of 150°C, avoiding any customised details"	Linen/Cotton	
WWDR02601_BLACK	RAMELA DRESS 100% SILK	color:black	Short dress in 100% silk,Python print,Deep neckline with lace-up,Long balloon sleeves,Fluid fit	Fit:Model height:177 cm,Fit:Model wears size:S,Fit:Sizing advice:This item fits to size. Choose your usual size,Composition:Main material:100% silk,Care:Washing:Hand-wash or machine-wash inside out in a mesh laundry bag on a 20°C delicate cycle with a maximum spin speed of 400 rpm,Care:Drying:Air dry flat,Care:Ironing:Iron inside out at a maximum of 110°C	Silk	
WWSK01613_TREILLIS	JIMENO SATIN SKIRT	color:treillis	Long satin skirt,Back slit,Zip fastening,Metal detail on the belt,Fluid cut	Fit:Model height:180 cm,Fit:Model wears size:36,Fit:Sizing advice:This item fits to size. Choose your usual size,Composition:Main material:100% viscose,Sustainability:Responsible sourcing:Viscose fibers from sustainably managed forests,Care:Washing:Hand-wash or machine-wash inside out in a mesh laundry bag on a 20°C delicate cycle with a maximum spin speed of 400 rpm,Care:Drying:Air dry flat,Care:Ironing:Iron inside out at a maximum of 110°C	Viscose	accessory:id:LWBA04322_WOOD,accessory:id:SWCT02127_WOOD
WWDR02671_VANILLE	RISTYL SEQUINS DRESS	color:vanille	Lingerie-inspired long dress,Printed sequins,V-neck,Adjustable straps,Fluid fit	Fit:Model height:177 cm,Fit:Model wears size:S,Fit:Sizing advice:This item fits to size. Choose your usual size,Composition:Main material:100% polyester,Sustainability:Recycled content:Recycled polyester fibers,Care:Washing:Hand-wash or machine-wash inside out in a mesh laundry bag on a 20°C delicate cycle with a maximum spin speed of 400 rpm,Care:Drying:Air dry flat,Care:Ironing:Iron inside out at a maximum of 110°C	Polyester	
JWSK01012_COCONUT	JUNO SKIRT	color:coconut	Long cotton and linen skirt,Lace-up detail with signature ties,Slit	Fit:Model height:173 cm,Fit:Model wears size:S,Composition:Main material:"70% cotton, 30% linen",Care:Washing:Machine-wash inside out on a 30°C delicate cycle; Do not bleach and do not tumble dry,Care:Ironing:"Iron inside out at a maximum of 150°C, avoiding any customised details"	Cotton/Linen	often_bought_with:id:JWTT01278_COCONUT,accessory:id:LWBA04320_BROWNIE,accessory:id:SWCT02130_CARAMELO
WWDR02634_PEAR	RODALAS DRESS	color:pear	Short dress,Printed,V-neck,Short sleeves,Fluid cut	Fit:Model height:178 cm,Fit:Model wears size:S,Fit:Sizing advice:This item fits to size. Choose your usual size,Composition:Main material:100% viscose,Care:Washing:Hand-wash or machine-wash inside out in a mesh laundry bag on a 20°C delicate cycle with a maximum spin speed of 400 rpm,Care:Drying:Air dry flat,Care:Ironing:Iron inside out at a maximum of 110°C	Viscose	accessory:id:LWBA04320_BROWNIE
WWDR02656_PEAR	RAMELIL DRESS	color:pear	Lingerie-inspired long dress,Floral print,V-neckline,Adjustable straps,Back wing embroidery,Lace trims,Slit,Fluid cut	Fit:Model height:178 cm,Fit:Model wears size:S,Fit:Sizing advice:This item fits to size. Choose your usual size,Composition:Main material:100% viscose,Care:Washing:Hand-wash or machine-wash inside out in a mesh laundry bag on a 20°C delicate cycle with a maximum spin speed of 400 rpm,Care:Drying:Air dry flat,Care:Ironing:Iron inside out at a maximum of 110°C	Viscose	
WWSK01640_DARK BLUE	JAYLA SKIRT	color:dark blue	Mid-length skirt,Printed,Lace,Fluid cut Choose your usual size	Fit:Model height:178 cm,Fit:Model wears size:36,Composition:Main material:100% viscose,Sustainability:Responsible sourcing:Viscose fibers from sustainably managed forests,Care:Washing:Hand-wash or machine-wash inside out in a mesh laundry bag on a 20°C delicate cycle with a maximum spin speed of 400 rpm,Care:Drying:Air dry flat,Care:Ironing:Iron inside out at a maximum of 110°C	Viscose	accessory:id:LWBA04310_BLACK,often_bought_with:id:RWOW01288_BLACK
WWCR01329_MEADOW	CESPA CAMISOLE 100% SILK	color:meadow	100% silk lingerie-inspired camisole,Bandana print,Lace,V-neck,Adjustable straps,ZV wings embroidery on the back	Fit:Model height:177 cm,Fit:Model wears size:S,Composition:Main material:100% silk,Care:Washing:Hand-wash or machine-wash inside out in a mesh laundry bag on a 20°C delicate cycle with a maximum spin speed of 400 rpm,Care:Drying:Air dry flat,Care:Ironing:Iron inside out at a maximum of 110°C	Silk	
JWTT00228_BLACK	ALBA TANK TOP	color:black	Round neck,Cutaway armholes,Wings print on the back We recommend sizing up	Fit:Model height:175 cm,Fit:Model wears size:M,Composition:Main material:100% cotton,Care:Washing:Machine-wash inside out on a 30°C delicate cycle with similar colours	Cotton	
WWSH02339_BLEU OXFORD	TORIA SHIRT	color:bleu oxford	Women's button down shirt,Long sleeves with buttoned cuffs,Elastic waistband,Relaxed fit	Fit:Sizing advice:This item fits to size. Choose your usual size,Composition:Main material:"96% cotton, 4% elastane"	Cotton/Elastane	
WWSH02233_BLACK	TURI SHIRT	color:black	Blouse,Rhinestone details,Deep neckline with drawstring,Long sleeves	Fit:Model height:177 cm,Fit:Model wears size:S,Fit:Sizing advice:This item fits to size. Choose your usual size,Composition:Main material:100% viscose,Sustainability:Responsible sourcing:Viscose fibers from sustainably managed forests,Care:Washing:Hand-wash or machine-wash inside out in a mesh laundry bag on a 20°C delicate cycle with a maximum spin speed of 400 rpm,Care:Drying:Air dry flat,Care:Ironing:Iron inside out at a maximum of 110°C	Viscose	often_bought_with:id:WWPA01873_BLACK
WWTO02007_DARK BLUE	TASAO SILK TOP	color:dark blue	Lingerie-inspired top in 100% silk,Lace,Embroidered wings at the back	Fit:Model height:178 cm,Fit:Model wears size:S,Fit:Sizing advice:This item fits to size. Choose your usual size,Composition:Main material:100% silk,Care:Washing:Hand-wash or machine-wash inside out in a mesh laundry bag on a 20°C delicate cycle with a maximum spin speed of 400 rpm,Care:Drying:Air dry flat,Care:Ironing:Iron inside out at a maximum of 110°C	Silk	accessory:id:LWBA04310_FLASH,accessory:id:SWSN01638_SILENT
WWTO02002_BLACK	TERZO 100% SILK SHIRT	color:black	Top in 100% silk,Python print,Laced V-neckline,Short sleeves,Signature metallic wings at neckline	Fit:Model height:177 cm,Fit:Model wears size:S,Fit:Sizing advice:This item fits to size. Choose your usual size,Composition:Main material:100% silk,Care:Washing:Hand-wash or machine-wash inside out in a mesh laundry bag on a 20°C delicate cycle with a maximum spin speed of 400 rpm,Care:Drying:Air dry flat,Care:Ironing:Iron inside out at a maximum of 110°C	Silk	
WWCR01323_VANILLE	CHRISTY CAMISOLE	color:vanille	Lingerie-inspired camisole,Exclusive French lace,Printed sequins,V neckline,Adjustable straps	Fit:Model height:177 cm,Fit:Model wears size:S,Fit:Sizing advice:This item fits to size. Choose your usual size,Composition:Main material:100% polyester,Sustainability:Recycled content:Recycled polyester fibers,Care:Cleaning:This garment should be dry-cleaned only	Polyester	
JWTT01278_COCONUT	ANA SLEEVELESS TOP	color:coconut	Sleeveless top in cotton and linen,V-neck with wing brooch fastening	Fit:Model height:173 cm,Fit:Model wears size:S,Composition:Main material:"70% cotton, 30% linen",Care:Washing:Machine-wash inside out on a 30°C delicate cycle; Do not bleach and do not tumble dry,Care:Ironing:"Iron inside out at a maximum of 150°C, avoiding any customised details"	Cotton/Linen	often_bought_with:id:JWSK01012_COCONUT,accessory:id:SWCT02130_CARAMELO
WWSH02320_PEAR	TORNY SHIRT	color:pear	Tunic,Mirror floral print,V-neckline,Long sleeves	Fit:Sizing advice:This item fits to size. Choose your usual size,Composition:Main material:100% viscose,Care:Washing:Hand-wash or machine-wash inside out in a mesh laundry bag on a 20°C delicate cycle with a maximum spin speed of 400 rpm,Care:Drying:Air dry flat,Care:Ironing:Iron inside out at a maximum of 110°C	Viscose	
WWSH02288_DARK BLUE	TORNY TUNIC	color:dark blue	Tunic,Printed,V-neckline,Long sleeves Choose your usual size	Fit:Model height:181 cm,Fit:Model wears size:S,Composition:Main material:100% viscose,Sustainability:Responsible sourcing:Viscose fibers from sustainably managed forests,Care:Washing:Hand-wash or machine-wash inside out in a mesh laundry bag on a 20°C delicate cycle with a maximum spin speed of 400 rpm,Care:Drying:Air dry flat,Care:Ironing:Iron inside out at a maximum of 110°C	Viscose	accessory:id:SWCT02026_BLACK,often_bought_with:id:WWBL00864_BLACK
JWTN02676_DARK BLUE	TUNISIEN FISHNET TEE	color:dark blue	100% cotton Henley T-shirt,Fishnet details at the back,Henley collar with 5 buttons,Short sleeves	Fit:Model height:179 cm,Fit:Model wears size:S,Fit:Sizing advice:This item fits to size. Choose your usual size,Composition:Main material:100% cotton,Care:Washing:Machine-wash inside out on a 30°C delicate cycle with similar colours,Care:Ironing:"Iron inside out at a maximum of 110°C, avoiding any customised details"	Cotton	
JWTS02842_BLACK	EDDA T-SHIRT	color:black	T-shirt in 100% cotton,Asymmetric cut,Rhinestone wing signature on the front,Short sleeves,Round neck	Fit:Model height:175 cm,Fit:Model wears size:S,Fit:Sizing advice:"This item has a loose fit. For a more fitted look, choose one size down from your usual size",Care:Washing:Machine-wash inside out on a 30°C delicate cycle with similar colours,Care:Ironing:"Iron inside out at a maximum of 110°C, avoiding any customised details"		
JWTN02679_SKY	ZADIG HENLEY T-SHIRT	color:sky	Henley T-shirt in 100% cotton,Zadig print with rhinestones on the back,Henley collar with 5 buttons,Long sleeves	Fit:Model height:181 cm,Fit:Model wears size:S,Fit:Sizing advice:This item fits to size. Choose your usual size,Composition:Main material:100% cotton,Care:Washing:Machine-wash inside out on a 30°C delicate cycle with similar colours,Care:Ironing:"Iron inside out at a maximum of 110°C, avoiding any customised details"	Cotton	
JWTS02939_WHITE	TOMMER T-SHIRT	color:white	100% cotton,T-shirt,Rhinestone wings on the front and print with rhinestones on the back,Round neck,Short sleeves	Fit:Model height:176 cm,Fit:Model wears size:S,Fit:Sizing advice:"This item has a loose fit. For a more fitted look, choose one size down from your usual size",Composition:Main material:100% cotton,Sustainability:Organic content:Cotton fibers from organic farming,Care:Washing:Machine-wash inside out on a 30°C delicate cycle with similar colours,Care:Ironing:"Iron inside out at a maximum of 110°C, avoiding any customised details"	Cotton	
JWTT01293_WHITE	CLOE TANK TOP	color:white	Print with rhinestones on the front,Round neck	Fit:Model height:179 cm,Fit:Model wears size:S,Composition:Main material:100% cotton,Sustainability:Organic content:Cotton fibers from organic farming,Care:Washing:Machine-wash inside out on a 30°C delicate cycle with similar colours,Care:Ironing:"Iron inside out at a maximum of 110°C, avoiding any customised details"	Cotton	
JWTT01293_BORNEO	CLOE TANK TOP	color:borneo	Print with rhinestones on the front,Round neck	Fit:Model height:179 cm,Fit:Model wears size:S,Composition:Main material:100% cotton,Sustainability:Organic content:Cotton fibers from organic farming,Care:Washing:Machine-wash inside out on a 30°C delicate cycle with similar colours,Care:Ironing:"Iron inside out at a maximum of 110°C, avoiding any customised details"	Cotton	often_bought_with:id:RWOW01265_JUDO,accessory:id:SWSN01636_ICE
JWTS02905_JUDO	TOMMER T-SHIRT	color:judo	100% cotton,T-shirt,Fishnet detail at the back,V-neck,Short sleeves	Fit:Model height:179 cm,Fit:Model wears size:S,Composition:Main material:100% cotton,Care:Washing:Machine-wash inside out on a 30°C delicate cycle with similar colours,Care:Ironing:"Iron inside out at a maximum of 110°C, avoiding any customised details"	Cotton	
JWTS02905_BORNEO	TOMMER T-SHIRT	color:borneo	100% cotton,T-shirt,Fishnet detail at the back,V-neck,Short sleeves	Fit:Model height:179 cm,Fit:Model wears size:S,Composition:Main material:100% cotton,Care:Washing:Machine-wash inside out on a 30°C delicate cycle with similar colours,Care:Ironing:"Iron inside out at a maximum of 110°C, avoiding any customised details"	Cotton	
JWTS02910_JUDO	WALK T-SHIRT	color:judo	100% cotton,T-shirt Zadig print on the front,Crew neck,Short sleeves	Fit:Model height:179 cm,Fit:Model wears size:S,Composition:Main material:100% cotton,Care:Washing:Machine-wash inside out on a 30°C delicate cycle with similar colours,Care:Ironing:"Iron inside out at a maximum of 110°C, avoiding any customised details"	Cotton	
JWTS02910_LIGHT JADE	WALK T-SHIRT	color:light jade	100% cotton,T-shirt Zadig print on the front,Crew neck,Short sleeves	Fit:Model height:179 cm,Fit:Model wears size:S,Composition:Main material:100% cotton,Care:Washing:Machine-wash inside out on a 30°C delicate cycle with similar colours,Care:Ironing:"Iron inside out at a maximum of 110°C, avoiding any customised details"	Cotton	
JWTS02906_DARK BLUE	MARTA T-SHIRT	color:dark blue	T-shirt,Rhinestone details,V-neck,Short sleeves	Composition:Main material:"50% polyester, 30% cotton, 20% linen",Sustainability:Recycled content:Contains 50% recycled polyester,Care:Washing:Machine-wash inside out on a 30°C delicate cycle with similar colours,Care:Ironing:"Iron inside out at a maximum of 110°C, avoiding any customised details"	Polyester/Cotton/Linen	
JWTS02906_TEA	MARTA T-SHIRT	color:tea	T-shirt,Rhinestone details,V-neck,Short sleeves	Composition:Main material:"50% polyester, 30% cotton, 20% linen",Sustainability:Recycled content:Contains 50% recycled polyester,Care:Washing:Machine-wash inside out on a 30°C delicate cycle with similar colours,Care:Ironing:"Iron inside out at a maximum of 110°C, avoiding any customised details"	Polyester/Cotton/Linen	
WWBL00864_BLACK	VAVY VELVET BLAZER	color:black	Classic collar,Button fastening,"Welt pockets, flap pockets",7/8 sleeves with shoulder pads,Regular fit	Fit:Model height:180 cm,Fit:Model wears size:S,Fit:Sizing advice:We recommend buying one size larger than your usual size,Composition:Main material:100% cotton,Care:Cleaning:This garment should be dry-cleaned only	Cotton	accessory:id:LWBT01337_BLACK
WWBL01991_BLACK	VANILLE BLAZER	color:black	Oversized tailored jacket,Snake rhinestone design,Classic collar,Single button fastening,Piped pockets and flap pockets,Long sleeves	Fit:Sizing advice:"This item has a loose fit. For a more fitted look, choose one size down from your usual size",Composition:Main material:"43% polyester, 26% polyester, 23% viscose, 8% elastane",Sustainability:Recycled content:Recycled polyester fibers,Sustainability:Responsible sourcing:Viscose fibers from sustainably managed forests,Care:Cleaning:This garment should be dry-cleaned only	Polyester/Viscose/Elastane	
WWCO01243_ANTHRACITE	FREDDIE COAT	color:anthracite	Coat in curly faux fur,Round neck,Single-breasted,Long sleeves	Fit:Model height:178 cm,Fit:Model wears size:S,Fit:Sizing advice:This item fits to size. Choose your usual size,Composition:Main material:"77% acrylic, 23% polyester",Sustainability:Recycled content:Recycled polyester fibers,Care:Cleaning:This garment should be dry-cleaned only	Acrylic/Polyester	often_bought_with:id:RWPA01106_BLACK,accessory:id:SWCT02026_BLACK
WWBL01955_COOKIE	VAVY BLAZER	color:cookie	Linen and cotton blazer,Pinstripes,Classic tailored lapel,Single-breasted fastening,Welt pockets and flap pockets,Three-quarter sleeves	Fit:Sizing advice:This item fits to size. Choose your usual size,Composition:Main material:"54% linen, 44% cotton, 1% polyamide, 1% polyester",Sustainability:Organic content:Cotton fibers from organic farming,Care:Cleaning:This garment should be dry-cleaned only	Linen/Cotton/Polyamide	accessory:id:LWBA04322_WOOD,accessory:id:SWCT02130_CARAMELO,often_bought_with:id:WWPA01892_COOKIE
WWOW01723_MOSS	KID JACKET	color:moss	Military-style jacket in 100% cotton,Classic collar,Button closure,Flap pockets and zip pockets,Long sleeves with buttoned shoulder tabs	Fit:Model height:178 cm,Fit:Model wears size:S,Fit:Sizing advice:This item fits to size. Choose your usual size,Composition:Main material:100% cotton,Sustainability:Organic content:Cotton fibers from organic farming,Care:Cleaning:This garment should be dry-cleaned only	Cotton	accessory:id:SWCT02026_BLACK
WWBL01981_MOSS	VERAMAN BLAZER	color:moss	Military-inspired tailored blazer,Classic collar,Button closure,Patch pockets and flap pockets,Long sleeves	Fit:Model height:181 cm,Fit:Model wears size:S,Fit:Sizing advice:This item fits to size. Choose your usual size,Composition:Main material:"43% polyester, 26% polyester, 23% viscose, 8% elastane",Sustainability:Recycled content:Recycled polyester fibers,Sustainability:Responsible sourcing:Viscose fibers from sustainably managed forests,Care:Cleaning:This garment should be dry-cleaned only	Polyester/Viscose/Elastane	accessory:id:LWBA04322_WOOD,accessory:id:SWSN01635_COGNAC
WWBL01981_DARK BLUE	VERAMAN BLAZER	color:dark blue	Military-inspired tailored blazer,Classic collar,Button closure,Patch pockets and flap pockets,Long sleeves	Fit:Model height:181 cm,Fit:Model wears size:S,Fit:Sizing advice:This item fits to size. Choose your usual size,Composition:Main material:"43% polyester, 26% polyester, 23% viscose, 8% elastane",Sustainability:Recycled content:Recycled polyester fibers,Sustainability:Responsible sourcing:Viscose fibers from sustainably managed forests,Care:Cleaning:This garment should be dry-cleaned only	Polyester/Viscose/Elastane	accessory:id:LWBA04322_WOOD,accessory:id:LWBT01355_RELAX,accessory:id:SWSN01636_ICE
RWOW01273_TREILLIS	LESSA SUEDE LEATHER JACKET	color:treillis	Short jacket in suede leather,Deep dye effect,Classic collar,Button closure,Piped pockets,Long sleeves,Embossed wing	Fit:Model height:178 cm,Fit:Model wears size:S,Fit:Sizing advice:This item fits to size. Choose your usual size,Composition:Main material:100% cow crust,Care:Cleaning:This garment should be cared for by a leather professional	Cow crust	accessory:id:LWBA04310_BLACK,often_bought_with:id:RWPA01105_TREILLIS,accessory:id:SWCT00864_BLACK
WWJE01338_LIGHT BLUE	ECLIPSE JEANS	color:light blue	Low-rise bootcut jeans,5 pockets and belt loops at the waist	Fit:Model height:177 cm,Fit:Model wears size:26,Fit:Sizing advice:We recommend buying your usual size,Composition:Main material:"99% cotton, 1% elastane",Care:Washing:Machine-wash inside out on a 30°C delicate cycle with similar colours,Care:Ironing:"Iron inside out at a maximum of 110°C, avoiding any customised details"	Cotton/Elastane	
RWPA01097_BLACK	PHLAME PANTS 100% LEATHER	color:black	Slim-fit trousers in 100% wrinkled stretch leather,Button and zip fastening with belt loops at the waist,5 pockets and wing jacron on the back	Fit:Model height:176 cm,Fit:Model wears size:36,Fit:Sizing advice:we recommend choosing the larger size,Composition:Main material:100% lambskin,Care:Cleaning:This garment should be cared for by a leather professional	Lambskin	accessory:id:SWCT02026_BLACK
WWPA00022_BLACK	PRUNE STRASS STAR PANTS	color:black	Women's black suit trousers,Tone-on-tone diamant,Stars,2 side pockets,Belt loops at the waist,2 piped buttoned slits,Lengthwise pleats,Zipper and button closure,If you're between two sizes	Fit:Model height:177 cm,Fit:Model wears size:36,Fit:Sizing advice:we recommend choosing the smaller size,General:Made in:Portugal,Composition:Main material:"69% polyester, 23% viscose, 8% elastane",Care:Cleaning:This garment should be dry-cleaned only,Care:Ironing:"Iron inside out at a maximum of 110°C, avoiding any customised details"	Polyester/Viscose/Elastane	
WWPA01921_BLEU OXFORD	POMA PANTS	color:bleu oxford	Jogger-style trousers Zadig&Voltaire embroidery on the back pocket,Patch pockets,Mid-rise waist,Regular fit	Fit:Model height:176 cm,Fit:Model wears size:36,Fit:Sizing advice:This item fits to size. Choose your usual size,Composition:Main material:"96% cotton, 4% elastane",Care:Cleaning:This garment should be dry-cleaned only,Care:Ironing:"Iron inside out at a maximum of 110°C, avoiding any customised details"	Cotton/Elastane	
WWBS01178_LIGHT BLUE	SADYS SHORTS	color:light blue	Denim shorts,Rhinestones,Multi-pocket,Mid-rise waist	Fit:Model height:177 cm,Fit:Model wears size:36,Fit:Sizing advice:This item fits to size. Choose your usual size,Composition:Main material:"99% cotton, 1% elastane",Sustainability:Organic content:Cotton fibers from organic farming,Care:Washing:Wash before wear; Machine-wash inside out on a 30°C delicate cycle with similar colours,Care:Ironing:"Iron inside out at a maximum of 150°C, or in case of customised details, at a maximum of 110°C avoiding the customised details"	Cotton/Elastane	
WWJE01337_LIGHT BLUE	ELI JEANS	color:light blue	Wide-leg jeans in 100% cotton,Laser motif,High waist,Multiple pockets,Patch pockets	Fit:Model height:177 cm,Fit:Model wears size:26,Fit:Sizing advice:This item fits to size. Choose your usual size,Composition:Main material:100% cotton,Care:Washing:Wash before wear; Machine-wash inside out on a 30°C delicate cycle with similar colours,Care:Ironing:"Iron inside out at a maximum of 150°C, or in case of customised details, at a maximum of 110°C avoiding the customised details"	Cotton	often_bought_with:id:RWOW01265_JUDO,accessory:id:SWCT02097_CARAMELO
WWJE00007_MEDIUM BLUE	MAMMA ECO JEANS	color:medium blue	Shorter ankle length,5 pockets and belt loops at the waist	Fit:Model height:179 cm,Fit:Model wears size:36,Fit:Sizing advice:We recommend buying your usual size,Composition:Main material:"93% cotton, 5% elastomultiester, 2% elastane",Sustainability:Organic content:Fibers from organic farming,Care:Washing:Machine-wash inside out on a 30°C delicate cycle with similar colours,Care:Ironing:"Iron inside out at a maximum of 150°C, or in case of customised details, at a maximum of 110°C avoiding the customised details"	Cotton/Elastomultiester/Elastane	
WWJE00007_JUDO	MAMMA ECO JEANS	color:judo	Shorter ankle length,5 pockets and belt loops at the waist	Fit:Model height:179 cm,Fit:Model wears size:36,Fit:Sizing advice:We recommend buying your usual size,Composition:Main material:"93% cotton, 5% elastomultiester, 2% elastane",Sustainability:Organic content:Fibers from organic farming,Care:Washing:Machine-wash inside out on a 30°C delicate cycle with similar colours,Care:Ironing:"Iron inside out at a maximum of 150°C, or in case of customised details, at a maximum of 110°C avoiding the customised details"	Cotton/Elastomultiester/Elastane	
WWPA01873_BLACK	PAPEL PANTS	color:black	Viscose trousers,Rhinestones along the lengths,Low waist,Straight cut	Fit:Model height:177 cm,Fit:Model wears size:36,Fit:Sizing advice:This item fits to size. Choose your usual size,Composition:Main material:100% viscose,Sustainability:Responsible sourcing:Viscose fibers from sustainably managed forests,Care:Cleaning:This garment should be dry-cleaned only,Care:Ironing:"Iron inside out at a maximum of 110°C, avoiding any customised details"	Viscose	
WWJE01324_MEDIUM GREY	ELI JEANS	color:medium grey	Jeans in 100% cotton,Belt loops and zip fastening,Patch pockets and ticket pocket,Relaxed fit,High waist	Fit:Model height:178 cm,Fit:Model wears size:S,Fit:Sizing advice:This item fits to size. Choose your usual size,Composition:Main material:100% cotton,Care:Washing:Machine-wash inside out on a 30°C delicate cycle with similar colours,Care:Ironing:"Iron inside out at a maximum of 150°C, or in case of customised details, at a maximum of 110°C avoiding the customised details"	Cotton	accessory:id:LWBA04322_WOOD,accessory:id:OWSC01528_SIXTINE,accessory:id:SWSN01635_COGNAC
WWJE01315_LIGHT BLUE	ETE JEANS	color:light blue	Jeans in 100% cotton,"Applied pockets, 2 flap pockets and one ticket pocket",Belt loops and zip fastening,High waisted,Regular fit	Fit:Model height:180 cm,Fit:Model wears size:S,Fit:Sizing advice:This item fits to size. Choose your usual size,Composition:Main material:100% cotton,Care:Washing:Machine-wash inside out on a 30°C delicate cycle with similar colours,Care:Ironing:"Iron inside out at a maximum of 150°C, or in case of customised details, at a maximum of 110°C avoiding the customised details"	Cotton	
WWBS01161_LIGHT BLUE	SADY DENIM SHORTS	color:light blue	Denim bermuda shorts,Belt loops and leather jacron at the back,"Patch pockets, jean pockets and ticket pocket",Mid-rise waist,Regular fit Choose your usual size	Fit:Model height:175 cm,Fit:Model wears size:S,Composition:Main material:100% cotton,Care:Washing:Machine-wash inside out on a 30°C delicate cycle with similar colours,Care:Ironing:"Iron inside out at a maximum of 150°C, or in case of customised details, at a maximum of 110°C avoiding the customised details"	Cotton	accessory:id:LWBA04013_BLACK,accessory:id:SWCT02026_BLACK
WWJE01319_LIGHT BLUE	EVY JEANS	color:light blue	Jeans in 100% cotton,"Applied pockets, 2 flap pockets and one ticket pocket",Belt loops and zip fastening,High waisted,Regular fit	Fit:Model height:180 cm,Fit:Model wears size:S,Composition:Main material:100% cotton,Care:Washing:Machine-wash inside out on a 30°C delicate cycle with similar colours,Care:Ironing:"Iron inside out at a maximum of 150°C, or in case of customised details, at a maximum of 110°C avoiding the customised details"	Cotton	
WWBS01176_SIXTINE	PAX SHORT	color:sixtine	Boxer-inspired shorts in 100% cotton,Striped poplin,Elasticated waistband with buttons,ZV signature,Mid-rise	Fit:Model height:178 cm,Fit:Model wears size:36,Fit:Sizing advice:This item fits to size. Choose your usual size,Composition:Main material:100% cotton,Care:Washing:Machine-wash inside out on a 30°C delicate cycle with similar colours,Care:Ironing:"Iron inside out at a maximum of 150°C, or in case of customised details, at a maximum of 110°C avoiding the customised details"	Cotton	accessory:id:SWCT02127_WOOD
WWPA01907_SIXTINE	POMA TROUSERS	color:sixtine	100% cotton jogger-inspired trousers,Striped poplin,Elasticated waistband,Patch and welt pockets,Signature,"Regular fit, mid-rise waist"	Fit:Model height:178 cm,Fit:Model wears size:36,Fit:Sizing advice:This item fits to size. Choose your usual size,Composition:Main material:100% cotton,Care:Washing:Machine-wash inside out on a 30°C delicate cycle with similar colours,Care:Ironing:"Iron inside out at a maximum of 110°C, avoiding any customised details"	Cotton	
WWPA01892_COOKIE	PANOL PANTS	color:cookie	Tailored trousers,Stripes,Slanted welt pockets,"Straight, wide-leg fit",High waist	Fit:Sizing advice:This item fits to size. Choose your usual size,Composition:Main material:"54% linen, 44% cotton, 1% polyamide, 1% polyester",Sustainability:Organic content:Cotton fibers from organic farming,Care:Cleaning:This garment should be dry-cleaned only,Care:Ironing:"Iron inside out at a maximum of 110°C, avoiding any customised details"	Linen/Cotton/Polyamide	accessory:id:LWBA04322_WOOD,accessory:id:SWCT02130_CARAMELO,often_bought_with:id:WWBL01955_COOKIE
JWSP00025_TILLEUL	CHILL JOGGING PANTS	color:tilleul	Wide-leg straight cut jogging trousers in light grey marl for women,Wings signature wings adorned with rhinestones,Elasticated waistband,2 side pockets,Pleats along the length and small slits at the hem	Fit:Model height:177 cm,Fit:Model wears size:S,Fit:Sizing advice:We recommend buying your usual size,Composition:Main material:"74% cotton, 26% polyester",Care:Washing:Machine-wash inside out on a 30°C delicate cycle with similar colours,Care:Ironing:"Iron inside out at a maximum of 110°C, avoiding any customised details"	Cotton/Polyester	accessory:id:LWBA04320_BROWNIE,accessory:id:SWCT02097_CARAMELO,often_bought_with:id:WWOW01723_MOSS
RWBS01030_DAIM	SADYS SUEDE LEATHER SHORTS	color:daim	Shorts in suede leather,Belt loops and zip fastening,"Applied pockets, slit pockets and ticket pocket",Mid-waisted	Fit:Model height:179 cm,Fit:Model wears size:36,Fit:Sizing advice:This item fits to size. Choose your usual size,Composition:Main material:100% goatskin,Care:Cleaning:This garment should be cared for by a leather professional	Goatskin	
RWPA01096_COGNAC	PISTOL SUEDE PANTS	color:cognac	Women's Cognac camel suede leather trousers,Zip and button fastening with belt loops at the waist,3 front pockets and 2 back pockets,Signature wings jacron at the back,Flared hem	Fit:Model height:177 cm,Fit:Model wears size:36,Fit:Sizing advice:We recommend buying your usual size,Composition:Main material:100% goat leather,Care:Cleaning:This garment should be cared for by a leather professional	Goat leather	accessory:id:SWCT02026_BLACK
WWPA01903_MOSS	PERYA PANTS	color:moss	Cargo trousers in 100% cotton,Multiple pockets,Regular fit,Mid-rise	Fit:Model height:178 cm,Fit:Model wears size:36,Composition:Main material:100% cotton,Sustainability:Organic content:Cotton fibers from organic farming,Care:Washing:Machine-wash inside out on a 30°C delicate cycle with similar colours,Care:Ironing:"Iron inside out at a maximum of 110°C, avoiding any customised details"	Cotton	
RWPA01105_TREILLIS	EVY SUEDE LEATHER PANTS	color:treillis	Wide-leg suede leather trousers,Deep dye effect,"Patch pockets, jean pockets and ticket pocket",High waist	Fit:Model height:178 cm,Fit:Model wears size:S,Fit:Sizing advice:This item fits to size. Choose your usual size,Composition:Main material:100% cow crust,Care:Cleaning:This garment should be cared for by a leather professional	Cow crust	accessory:id:LWBA04320_BROWNIE,often_bought_with:id:RWOW01273_TREILLIS,accessory:id:SWSN01635_COGNAC
JWSS01730_HEATHER GREY	OLIVE SWEATSHIRT	color:heather grey	Sweatshirt,Zadig Sun flock print on the back,V-neck,Long sleeves	Fit:Sizing advice:This item fits to size. Choose your usual size,Composition:Main material:"74% cotton, 26% polyester",Sustainability:Organic content:Cotton fibers from organic farming,Sustainability:Recycled content:Recycled polyester fibers,Care:Washing:Machine-wash inside out on a 30°C delicate cycle with similar colours,Care:Ironing:"Iron inside out at a maximum of 110°C, avoiding any customised details"	Cotton/Polyester	
JWSS01675_BLACK	GEORGYS SWEATSHIRT	color:black	100% cotton sweatshirt,Rhinestone embellishments,Hood,Long sleeves,Regular fit	Fit:Model height:177 cm,Fit:Model wears size:S,Fit:Sizing advice:This item fits to size. Choose your usual size,Composition:Main material:100% cotton,Sustainability:Organic content:Cotton fibers from organic farming,Care:Washing:Machine-wash inside out on a 30°C delicate cycle with similar colours,Care:Ironing:"Iron inside out at a maximum of 110°C, avoiding any customised details"	Cotton	
LWBA04079_ROAD GREY	ROCK I I DENIM MONOGRAM BAG	color:road grey	Monogram quilted denim clutch,Sliding curb chain with signed eyelets,Zip and magnetic closure,Flat back pocket with magnetic closure,Interior patch pocket,Wings signature,Shoulder or cross-body carry	Dimensions:Measurements:27 x 12 cm,Composition:Main material:"60% cotton, 40% cotton",Sustainability:Recycled content:Recycled cotton fibers	Cotton	
LWBA00049_FLASH	ROCK XL MAT BAG	color:flash	Women's Rock clutch bag in quilted leather with snake scale look,Worn on the shoulder or crossbody,Removable chain,Adjustable and removable shoulder strap,Several compartments including a large zipped interior compartment,Zipped pocket on the back,Zipped closure,Flap with magnetic closure,Removable metal double chain	Dimensions:Width x height x depth:27 x 13 x 2 cm,Composition:Main material:100% lambskin	Lambskin	
LWBA00052_FLASH	ROCK NANO XL MAT BAG	color:flash		Dimensions:Width x height:17.5 x 9 cm,Composition:Main material:100% leather	Leather	
LWBA00017_NOIR SILVER	KATE WALLET BAG	color:noir silver	Women's Kate Wallet bag in black smooth leather,Black cotton lining,Removable gold-tone metal chain,Flap with magnetic closure,Two compartments separated by a zipped pocket,"Carry by hand, over the shoulder or across the body using the loop","Chain strap drop: 39,5 cm"	Dimensions:Width x height:16 x 8.5 cm,General:Made in:Italy,Composition:Main material:100% calf leather,Care:Handling:Do not expose your item to a source of heat or to sunlight for a prolonged period,Care:Handling:Avoid routinely overloading your handbag or clutch,Care:Handling:"To prolong its life, store your item in a dust bag and pad it with tissue paper to maintain its shape",Care:Drying:"In the event of accidental exposure to water, leave your item to dry at room temperature, away from direct light",Care:Cleaning:"To maintain the shine of your smooth or grained leather item, use a leather cream or polish"	Calf leather	
LWBA04246_BLACK	ANGEL TOTE XS BAG	color:black	Small tote bag in leather,"Double handles and adjustable, removable shoulder strap",Zip closure,Interior patch pocket,Embossed wings signature,"Worn by hand, shoulder or crossbody Handle"	Dimensions:Strap height:47 cm,Dimensions:Height:9 cm,Dimensions:Measurements:25 x 21.5 x 13 cm,Composition:Main material:100% calf leather,Care:Handling:"Protect your leather item from humidity and any source of heat (radiator, sun)",Care:Handling:Avoid your item coming into contact with water,Care:Handling:Ensure you wear your item with similar colours,Care:Handling:Avoid overfilling your bag to ensure its durability,Care:Cleaning:"Regularly care for your leather item using a colourless nourishing cream for leather, suitable for leather goods",Care:Cleaning:"In case of stains, contact a leather professional"	Calf leather	
LWCS00001_BLACK	Z TROLLEY SUITCASE	color:black		Dimensions:Measurements:35 x 52 x 22.5 cm,Composition:Main material:"67% polyurethane, 33% polyester",Care:Handling:Avoid contact with liquids,Care:Handling:"Keep away from direct sunlight, heat and rain",Care:Handling:"If it gets wet, dry it immediately with a soft cloth",Care:Handling:Never use soap or solvents,Care:Cleaning:"Store it in the case supplied at the time of purchase To clean it, use a soft, dry cloth"	Polyurethane/Polyester	
LWBA03803_FLASH	Z SHOPPER XL MONOGRAMMED BAG	color:flash	Shopper Z XL Monogram bag in coated canvas,Monogram print,Double handles,1 interior pocket,Metal wings,Can be carried by hand or on the shoulder	Dimensions:Measurements:54 x 30 x 23 cm,Composition:Main material:"67% polyur, 33% polyester",Care:Handling:"Protect your leather item from humidity and any source of heat (radiator, sun)",Care:Handling:Avoid your item coming into contact with water,Care:Handling:Ensure you wear your item with similar colours,Care:Handling:Avoid overfilling your bag to ensure its durability,Care:Cleaning:"Regularly care for your leather item using a colourless nourishing cream for leather, suitable for leather goods",Care:Cleaning:"In case of stains, contact a leather professional"	Polyur/Polyester	
LWBA03803_BLACK	Z SHOPPER XL MONOGRAMMED BAG	color:black	Shopper Z XL Monogram bag in coated canvas,Monogram print,Double handles,1 interior pocket,Metal wings,Can be carried by hand or on the shoulder	Dimensions:Measurements:54 x 30 x 23 cm,Composition:Main material:"67% polyur, 33% polyester",Care:Handling:"Protect your leather item from humidity and any source of heat (radiator, sun)",Care:Handling:Avoid your item coming into contact with water,Care:Handling:Ensure you wear your item with similar colours,Care:Handling:Avoid overfilling your bag to ensure its durability,Care:Cleaning:"Regularly care for your leather item using a colourless nourishing cream for leather, suitable for leather goods",Care:Cleaning:"In case of stains, contact a leather professional"	Polyur/Polyester	
LWBA03803_FLAME	Z SHOPPER XL MONOGRAMMED BAG	color:flame	Shopper Z XL Monogram bag in coated canvas,Monogram print,Double handles,1 interior pocket,Metal wings,Can be carried by hand or on the shoulder	Dimensions:Measurements:54 x 30 x 23 cm,Composition:Main material:"67% polyur, 33% polyester",Care:Handling:"Protect your leather item from humidity and any source of heat (radiator, sun)",Care:Handling:Avoid your item coming into contact with water,Care:Handling:Ensure you wear your item with similar colours,Care:Handling:Avoid overfilling your bag to ensure its durability,Care:Cleaning:"Regularly care for your leather item using a colourless nourishing cream for leather, suitable for leather goods",Care:Cleaning:"In case of stains, contact a leather professional"	Polyur/Polyester	
LWBA02531_FLASH	SUNNY HOBO BAG	color:flash	Women's Sunny Hobo bag in black patent leather with vintage effect,Leather handle,Zip fastening,Zipped gusseted compartments to make the bag bigger,One inside zipped pocket,Metal wings,Can be carried in the hand or worn on the shoulder Handle	Dimensions:Width x height x depth:33 x 38 x 10 cm,Dimensions:Length:42 cm,Composition:Main material:100% cow leather,Care:Handling:"Protect your leather item from humidity and any source of heat (radiator, sun)",Care:Handling:Avoid your item coming into contact with water,Care:Handling:Ensure you wear your item with similar colours,Care:Handling:Avoid overfilling your bag to ensure its durability,Care:Cleaning:"Regularly care for your leather item using a colourless nourishing cream for leather, suitable for leather goods",Care:Cleaning:"In case of stains, contact a leather professional"	Cow leather	
LWBA04355_TANDEM	MINI WINGS BASKET BAG	color:tandem		Dimensions:Measurements:18 x 21 cm,Composition:Main material:100% raffia,Composition:Secondary material:100% cow leather,Care:Handling:Avoid direct exposure to light and heat sources,Care:Handling:"Avoid contact with oils, cosmetics and perfumes",Care:Handling:Store the product in the protective pouch when not in use	Raffia	
LWBA03656_BLACK	MINI WINGS BASKET BAG	color:black	Small Mini Wings basket in raffia,Double leather handles,Signature wings,Hand or shoulder carry	Dimensions:Measurements:18 x 21 cm,Composition:Main material:100% raffia	Raffia	
LWBA04169_BLACK	LE ZOUZOU VINTAGE PATENT BAG	color:black	Small vintage effect patent leather bag,Adjustable leather shoulder strap,Clasp closure,Interior zipped pocket,Signature wings on clasp,Wear as shoulder bag or cross-body	Dimensions:Measurements:18 x 10.5 x 3.5 cm,Composition:Main material:100% cow leather,Care:Handling:"Protect your leather item from humidity and any source of heat (radiator, sun)",Care:Handling:Avoid your item coming into contact with water,Care:Handling:Ensure you wear your item with similar colours,Care:Handling:Avoid overfilling your bag to ensure its durability,Care:Cleaning:"Regularly care for your leather item using a colourless nourishing cream for leather, suitable for leather goods",Care:Cleaning:"In case of stains, contact a leather professional"	Cow leather	
LWBA04169_BROWNIE	LE ZOUZOU VINTAGE PATENT BAG	color:brownie	Small vintage effect patent leather bag,Adjustable leather shoulder strap,Clasp closure,Interior zipped pocket,Signature wings on clasp,Wear as shoulder bag or cross-body	Dimensions:Measurements:18 x 10.5 x 3.5 cm,Composition:Main material:100% cow leather,Care:Handling:"Protect your leather item from humidity and any source of heat (radiator, sun)",Care:Handling:Avoid your item coming into contact with water,Care:Handling:Ensure you wear your item with similar colours,Care:Handling:Avoid overfilling your bag to ensure its durability,Care:Cleaning:"Regularly care for your leather item using a colourless nourishing cream for leather, suitable for leather goods",Care:Cleaning:"In case of stains, contact a leather professional"	Cow leather	
LWSG01193_BLACK	ROCK PHONE POUCH	color:black	Phone case pochette in grained leather,Removable shoulder strap with double metal chain,3 card slots inside and one zipped pocket on the outside back,Tone-on-tone wing signature with rhinestones,Can hold a mobile phone with a size of 6.5 inches or less (e.g	Dimensions:Measurements:11 x 17 cm,Composition:Main material:100% cow leather,Care:Handling:"Protect your leather item from humidity and any source of heat (radiator, sun)",Care:Handling:Avoid your item coming into contact with water,Care:Handling:Ensure you wear your item with similar colours,Care:Handling:Avoid overfilling your bag to ensure its durability,Care:Cleaning:"Regularly care for your leather item using a colourless nourishing cream for leather, suitable for leather goods",Care:Cleaning:"In case of stains, contact a leather professional"	Cow leather	
LWSG01193_FLASH	ROCK PHONE POUCH	color:flash	Phone case pochette in grained leather,Removable shoulder strap with double metal chain,3 card slots inside and one zipped pocket on the outside back,Tone-on-tone wing signature with rhinestones,Can hold a mobile phone with a size of 6.5 inches or less (e.g	Dimensions:Measurements:11 x 17 cm,Composition:Main material:100% cow leather,Care:Handling:"Protect your leather item from humidity and any source of heat (radiator, sun)",Care:Handling:Avoid your item coming into contact with water,Care:Handling:Ensure you wear your item with similar colours,Care:Handling:Avoid overfilling your bag to ensure its durability,Care:Cleaning:"Regularly care for your leather item using a colourless nourishing cream for leather, suitable for leather goods",Care:Cleaning:"In case of stains, contact a leather professional"	Cow leather	
LWBA04182_BROWNIE	BABY JANE VINTAGE PATENT BAG	color:brownie	Vintage-effect patent leather bag,Adjustable and removable shoulder strap,Flap with magnetic closure,Applied interior pockets,Embossed wings signature,Worn on shoulder or cross-body,52 cm	Dimensions:Strap height:43.5 cm,Dimensions:Measurements:13 x 16 x 10.5 cm,Composition:Main material:100% cow leather,Care:Handling:"Protect your leather item from humidity and any source of heat (radiator, sun)",Care:Handling:Avoid your item coming into contact with water,Care:Handling:Ensure you wear your item with similar colours,Care:Handling:Avoid overfilling your bag to ensure its durability,Care:Cleaning:"Regularly care for your leather item using a colourless nourishing cream for leather, suitable for leather goods",Care:Cleaning:"In case of stains, contact a leather professional"	Cow leather	
LWBA04151_GUN	BABY JANE VINTAGE METAL BAG	color:gun	Metallic leather bag,Adjustable and removable shoulder strap,Flap with magnetic closure,Applied interior pockets,Embossed wings signature,Shoulder or cross-body wear,52 cm	Dimensions:Strap height:43.5 cm,Dimensions:Measurements:13 x 16 x 10.5 cm,Composition:Main material:100% cow leather,Care:Handling:"Protect your leather item from moisture and any source of heat (radiator, sun)",Care:Handling:Avoid contact between your item and water,Care:Handling:Do not overload the bag to ensure its longevity,Care:Handling:Make sure your item does not rub against abrasive surfaces,Care:Handling:"Very delicate, lambskin requires gentle care",Care:Cleaning:"Do not apply any product or cream on this type of leather; In case of a stain, please take your item to a leather care professional"	Cow leather	
LWBA03854_BLACK	BABY JANE BAG	color:black	Women's Baby Jane bag in black leather,Adjustable and removable leather shoulder strap,Flap with magnetic closure,Applied inner pocket,Debossed wing signature,"Can be carried by hand, shoulder or cross-body Adjustable"	Dimensions:Strap height:"14 to 63,5 cm",Dimensions:Measurements:14 x 16 x 11 cm,Composition:Main material:100% cow leather,Care:Handling:"Protect your leather item from humidity and any source of heat (radiator, sun)",Care:Handling:Avoid your item coming into contact with water,Care:Handling:Ensure you wear your item with similar colours,Care:Handling:Avoid overfilling your bag to ensure its durability,Care:Cleaning:"Regularly care for your leather item using a colourless nourishing cream for leather, suitable for leather goods",Care:Cleaning:"In case of stains, contact a leather professional"	Cow leather	
LWBA04345_GOLD	KATE WALLET BAG VINTAGE METAL	color:gold	Mini bag in metallic leather,Designed by Kate Moss for Zadig&Voltaire,Detachable metal chain	Dimensions:Strap height:39.5 cm,Dimensions:Measurements:16 x 8.5 x 3.5 cm,Composition:Main material:100% cow leather,Care:Handling:"Protect your leather item from moisture and any source of heat (radiator, sun); Avoid contact between your item and water",Care:Cleaning:Do not apply any product or cream on this type of leather	Cow leather	
LWBA02388_SILVER	KATE WALLET METTALIC BAG	color:silver	Women's Kate Wallet bag in Silver metallic patent leather,Black cotton lining,Removable metal chain,Flap with magnetic closure,Two compartments separated by a zipped pocket,"Carry by hand, over the shoulder or across the body using the leather loop","Chain strap drop: 39,5 cm"	Dimensions:Width x height:16 x 8.5 cm,General:Made in:Italy,Composition:Main material:100% calfskin,Care:Handling:"Protect your leather item from humidity and any source of heat (radiator, sun)",Care:Handling:Avoid your item coming into contact with water,Care:Handling:Ensure you wear your item with similar colours '- Avoid overfilling your bag to ensure its durability,Care:Cleaning:"Do not apply products or creams to this type of leather; In case of stains, contact a leather professional"	Calfskin	
LWBA04185_SILVER	KATE WALLET METAL LEOPARD BAG	color:silver	Mini bag in metallic leather with leopard effect,Designed by Kate Moss for Zadig&Voltaire,Removable metal chain,Flap with magnetic closure,Two compartments separated by a zipped pocket and 2 card slots,"Worn by hand, shoulder or cross-body"	Dimensions:Strap height:39.5 cm,Dimensions:Measurements:17.5 x 8.5 x 3.5 cm,Composition:Main material:100% cow leather,Care:Handling:"Protect your leather item from humidity and any source of heat (radiator, sun)",Care:Handling:Avoid your item coming into contact with water,Care:Handling:Ensure you wear your item with similar colours,Care:Handling:Avoid overfilling your bag to ensure its durability,Care:Cleaning:"Do not apply products or creams to this type of leather; In case of stains, contact a leather professional"	Cow leather	
LWBA03845_POWER	SUNNY MOOD BAG	color:power	Women's Sunny Mood bag in black patent leather with vintage effect,Adjustable leather shoulder strap,Zip fastening,Zipped gusseted compartments to make the bag bigger,6 card slots inside and 1 zipped pocket,Metal wings and zips,Metal strap with links and Zadig&Voltaire medallion,Can be worn on the shoulder or across the body Adjustable	Dimensions:Strap height:20 to 51 cm,Dimensions:Measurements:21 x 12.5 x 8 cm,Composition:Main material:100% cow leather,Care:Handling:"Protect your leather item from humidity and any source of heat (radiator, sun)",Care:Handling:Avoid your item coming into contact with water,Care:Handling:Ensure you wear your item with similar colours,Care:Handling:Avoid overfilling your bag to ensure its durability,Care:Cleaning:"Regularly care for your leather item using a colourless nourishing cream for leather, suitable for leather goods",Care:Cleaning:"In case of stains, contact a leather professional"	Cow leather	
LWBA03844_POWER	SUNNY MOOD STUDS BAG	color:power	Women's Sunny Moody bag in Power red patent leather with vintage effect and studs,Adjustable leather shoulder strap,Zip fastening,Zipped gusseted compartments to make the bag bigger,6 card slots and 1 zipped inside pocket,Metal wings and studs,Metal strap with links and Zadig&Voltaire medallion,Can be worn on the shoulder or across the body Adjustable	Dimensions:Strap height:20 to 51 cm,Dimensions:Measurements:21 x 12.5 x 8 cm,Composition:Main material:100% cow leather,Care:Handling:"Protect your leather item from humidity and any source of heat (radiator, sun)",Care:Handling:Avoid your item coming into contact with water,Care:Handling:Ensure you wear your item with similar colours,Care:Handling:Avoid overfilling your bag to ensure its durability,Care:Cleaning:"Regularly care for your leather item using a colourless nourishing cream for leather, suitable for leather goods",Care:Cleaning:"In case of stains, contact a leather professional"	Cow leather	
LWBA04356_WOOD	WINGS BASKET BAG	color:wood	Raffia basket,Leather handles Wings signature,Shoulder carry	Dimensions:Measurements:26 x 27 x 11 cm,Composition:Main material:100% raffia,Composition:Secondary material:100% cow leather,Care:Handling:Avoid direct exposure to light and heat sources,Care:Handling:"Avoid contact with oils, cosmetics and perfumes",Care:Handling:Store the product in the protective pouch when not in use	Raffia	
LWBA03655_BLACK	WINGS BASKET BAG	color:black	Wings raffia basket,Double leather handles,Signature wings,Hand or shoulder carry	Dimensions:Measurements:26 x 27 x 11 cm,Composition:Main material:100% raffia	Raffia	
LWSG00001_CLAY	ZV PASS CARD HOLDER	color:clay	Women's ZV Pass card holder in grained leather,Metal mirror wings charm,2 slots,Embossed Zadig&Voltaire branding	Dimensions:Width x height:10.5 x 7.5 cm,Composition:Main material:100% calf leather,Care:Handling:Do not expose your item to a source of heat or to sunlight for a prolonged period,Care:Handling:Avoid routinely overloading your handbag or clutch,Care:Handling:"To prolong its life, store your item in a dust bag and pad it with tissue paper to maintain its shape",Care:Drying:"In the event of accidental exposure to water, leave your item to dry at room temperature, away from direct light",Care:Cleaning:"To maintain the shine of your smooth or grained leather item, use a leather cream or polish"	Calf leather	
LWSG00001_HERITAGE	ZV PASS CARD HOLDER	color:heritage	Women's ZV Pass card holder in grained leather,Metal mirror wings charm,2 slots,Embossed Zadig&Voltaire branding	Dimensions:Width x height:10.5 x 7.5 cm,Composition:Main material:100% calf leather,Care:Handling:Do not expose your item to a source of heat or to sunlight for a prolonged period,Care:Handling:Avoid routinely overloading your handbag or clutch,Care:Handling:"To prolong its life, store your item in a dust bag and pad it with tissue paper to maintain its shape",Care:Drying:"In the event of accidental exposure to water, leave your item to dry at room temperature, away from direct light",Care:Cleaning:"To maintain the shine of your smooth or grained leather item, use a leather cream or polish"	Calf leather	
LWSG00001_RECORD	ZV PASS CARD HOLDER	color:record	Women's ZV Pass card holder in grained leather,Metal mirror wings charm,2 slots,Embossed Zadig&Voltaire branding	Dimensions:Width x height:10.5 x 7.5 cm,Composition:Main material:100% calf leather,Care:Handling:Do not expose your item to a source of heat or to sunlight for a prolonged period,Care:Handling:Avoid routinely overloading your handbag or clutch,Care:Handling:"To prolong its life, store your item in a dust bag and pad it with tissue paper to maintain its shape",Care:Drying:"In the event of accidental exposure to water, leave your item to dry at room temperature, away from direct light",Care:Cleaning:"To maintain the shine of your smooth or grained leather item, use a leather cream or polish"	Calf leather	
LWSG00001_FIERCE	ZV PASS CARD HOLDER	color:fierce	Women's ZV Pass card holder in grained leather,Metal mirror wings charm,2 slots,Embossed Zadig&Voltaire branding	Dimensions:Width x height:10.5 x 7.5 cm,Composition:Main material:100% calf leather,Care:Handling:Do not expose your item to a source of heat or to sunlight for a prolonged period,Care:Handling:Avoid routinely overloading your handbag or clutch,Care:Handling:"To prolong its life, store your item in a dust bag and pad it with tissue paper to maintain its shape",Care:Drying:"In the event of accidental exposure to water, leave your item to dry at room temperature, away from direct light",Care:Cleaning:"To maintain the shine of your smooth or grained leather item, use a leather cream or polish"	Calf leather	
LWSG03758_BROWNIE	ZV CARD MONOGRAM CARDHOLDER	color:brownie	Cardholder in quilted vintage monogram leather,4 external card slots,One flat pocket and one zipped pocket,Zip closure,Wings signature	Dimensions:Measurements:13.5 x 8 cm,Composition:Main material:100% cow leather,Care:Handling:"Protect your leather item from humidity and any source of heat (radiator, sun); Avoid your item coming into contact with water",Care:Cleaning:"Regularly care for your leather item using a colourless nourishing cream for leather, suitable for leather goods",Care:Cleaning:"In case of stains, contact a leather professional"	Cow leather	
LWSG03769_BROWNIE	MINI ZV VINTAGE MONOGRAM	color:brownie	Wallet in vintage leather,Quilted monogram print,Zip closure,2 gussets,Wings signature	Dimensions:Measurements:11 x 8.5 cm,Composition:Main material:100% cow leather,Care:Handling:"Protect your leather item from humidity and any source of heat (radiator, sun); Avoid your item coming into contact with water",Care:Cleaning:"Regularly care for your leather item using a colourless nourishing cream for leather, suitable for leather goods",Care:Cleaning:"In case of stains, contact a leather professional"	Cow leather	
LWSG03757_BROWNIE	ZV PASS MONOGRAM CARDHOLDER	color:brownie	Cardholder in quilted vintage monogram leather,2 card slots at the back and 1 pocket in the middle,Signature rhinestone wings	Dimensions:Measurements:10.5 x 7 cm,Composition:Main material:100% cow leather,Care:Handling:"Protect your leather item from humidity and any source of heat (radiator, sun); Avoid your item coming into contact with water",Care:Cleaning:"Regularly care for your leather item using a colourless nourishing cream for leather, suitable for leather goods",Care:Cleaning:"In case of stains, contact a leather professional"	Cow leather	
LWSG03680_BLACK	ZV CARD QUILTED CARD HOLDER	color:black	Card holder in quilted leather with monogram animation,4 card slots,One flat pocket and one zipped pocket,Wings signature	Dimensions:Measurements:13.5 x 8 cm,Composition:Main material:100% lambskin,Care:Handling:"Protect your leather item from humidity and any source of heat (radiator, sun)",Care:Handling:Avoid your item coming into contact with water,Care:Handling:Ensure you wear your item with similar colours,Care:Handling:Avoid overfilling your bag to ensure its durability,Care:Cleaning:"Regularly care for your leather item using a colourless nourishing cream for leather, suitable for leather goods",Care:Cleaning:"In case of stains, contact a leather professional"	Lambskin	
LWSG03698_BLACK	MINI ZV QUILTED WALLET	color:black	Wallet in quilted leather with monogram animation,Zip closure,2 gussets,Wings signature	Dimensions:Measurements:11 x 8.5 x 2 cm,Composition:Main material:100% lambskin,Care:Handling:Lambskin is extremely fragile and deserves to be treated with delicacy,Care:Handling:"Protect your leather item from humidity and any source of heat (radiator, sun)",Care:Handling:Avoid your item coming into contact with water,Care:Handling:Ensure you wear your item with similar colours,Care:Handling:Avoid overfilling your bag to ensure its durability,Care:Cleaning:"Regularly care for your leather item using a colourless nourishing cream for leather, suitable for leather goods",Care:Cleaning:"In case of stains, contact a leather professional"	Lambskin	
LWSG03689_BLACK	ZV PASS QUILTED MONOGRAM CARD	color:black	Card holder in quilted grained leather with monogram animation,2 card slots at the back and 1 pocket in the middle,Signature wings adorned with rhinestones	Dimensions:Measurements:10.5 x 7 cm,Composition:Main material:100% lambskin,Care:Handling:"Protect your leather item from humidity and any source of heat (radiator, sun)",Care:Handling:Avoid your item coming into contact with water,Care:Handling:Ensure you wear your item with similar colours,Care:Handling:Avoid overfilling your bag to ensure its durability,Care:Cleaning:"Regularly care for your leather item using a colourless nourishing cream for leather, suitable for leather goods",Care:Cleaning:"In case of stains, contact a leather professional"	Lambskin	
LWSG03800_BLACK	ZV CARD VINTAGE PATENT WALLET	color:black	Cardholder in vintage leather,Studs,4 card slots on the outside,One flat pocket and one zip pocket,Zip closure,Wings signature	Dimensions:Measurements:13.5 x 8 cm,Composition:Main material:100% cow leather	Cow leather	
LWSG03801_BLACK	MINI ZV VINTAGE STUDS WALLET	color:black	Studs,2 gussets,Zip closure,Wings signature	Dimensions:Measurements:11 x 8.5 cm,Composition:Main material:100% cow leather,Care:Handling:"Protect your leather item from humidity and any source of heat (radiator, sun); Avoid your item coming into contact with water",Care:Cleaning:"Regularly care for your leather item using a colourless nourishing cream for leather, suitable for leather goods",Care:Cleaning:"In case of stains, contact a leather professional"	Cow leather	
LWSG03799_BLACK	ZV PASS PATENT STUDS WALLET	color:black	Studs,2 card slots at the back and 1 pocket in the middle,Wings signature	Dimensions:Measurements:10.5 x 7 cm,Composition:Main material:100% cow leather,Care:Handling:"Protect your leather item from humidity and any source of heat (radiator, sun); Avoid your item coming into contact with water",Care:Cleaning:"Regularly care for your leather item using a colourless nourishing cream for leather, suitable for leather goods",Care:Cleaning:"In case of stains, contact a leather professional"	Cow leather	
LWSG00060_BLACK	ZV CARD WALLET	color:black	Women's quilted leather card holder in black,4 card slots,1 flat pocket,1 zipped pocket,100% leather			
PWGAB4001F_BLACK	MINI ZV MATELASSE WALLET	color:black	Women's leather wallet,2 gussets,Wings charm	Dimensions:Width x height:11 x 8.5 cm,Composition:Main material:100% cow leather,Care:Handling:Do not expose your item to a source of heat or to sunlight for a prolonged period,Care:Handling:Avoid routinely overloading your small leather good or clutch,Care:Drying:"In the event of accidental exposure to water, leave your item to dry at room temperature, away from direct light",Care:Cleaning:"To maintain the shine of your smooth or grained leather item, use a leather cream or polish"	Cow leather	
LWSG00041_BLACK	ZV PASS MAT CARD HOLDER	color:black	Women's matte black quilted leather card holder,Wings charm,2 slots,Embossed Zadig&Voltaire branding	Dimensions:Width x height:10.5 x 7 cm,Composition:Main material:100% lambskin	Lambskin	
LWSG01197_BLACK	ZV CARD GLOSSY WALLET	color:black	Women's ZV card holder in python-effect patent leather,Metal wings charm with silver diamant,4 card slots,1 flat pocket and 1 zipped pocket,Embossed Zadig&Voltaire branding	Dimensions:Width x height:13.5 x 8 cm,Composition:Main material:100% calfskin,Care:Handling:"Protect your leather item from humidity and any source of heat (radiator, sun)",Care:Handling:Avoid your item coming into contact with water,Care:Handling:Ensure you wear your item with similar colours,Care:Handling:Avoid overfilling your bag to ensure its durability,Care:Cleaning:"Regularly care for your leather item using a colourless nourishing cream for leather, suitable for leather goods",Care:Cleaning:"In case of stains, contact a leather professional"	Calfskin	
LWSG01197_POWER	ZV CARD GLOSSY WALLET	color:power	Women's ZV card holder in python-effect patent leather,Metal wings charm with silver diamant,4 card slots,1 flat pocket and 1 zipped pocket,Embossed Zadig&Voltaire branding	Dimensions:Width x height:13.5 x 8 cm,Composition:Main material:100% calfskin,Care:Handling:"Protect your leather item from humidity and any source of heat (radiator, sun)",Care:Handling:Avoid your item coming into contact with water,Care:Handling:Ensure you wear your item with similar colours,Care:Handling:Avoid overfilling your bag to ensure its durability,Care:Cleaning:"Regularly care for your leather item using a colourless nourishing cream for leather, suitable for leather goods",Care:Cleaning:"In case of stains, contact a leather professional"	Calfskin	
LWSG01189_BLACK	MINI ZV GLOSSY WALLET	color:black	Women's Mini ZV wallet in Power red python-effect patent leather,2 gussets,Wings charm with tone-on-tone diamant,Embossed Zadig&Voltaire branding	Dimensions:Width x height:11 x 8.5 cm,Composition:Main material:100% calfskin,Care:Handling:"Protect your leather item from humidity and any source of heat (radiator, sun)",Care:Handling:Avoid your item coming into contact with water,Care:Handling:Ensure you wear your item with similar colours,Care:Handling:Avoid overfilling your bag to ensure its durability,Care:Cleaning:"Regularly care for your leather item using a colourless nourishing cream for leather, suitable for leather goods",Care:Cleaning:"In case of stains, contact a leather professional"	Calfskin	
LWSG01168_BLACK	ZV PASS GLOSSY WALLET	color:black	Wings charm,Metal wings charm with tone-on-tone diamant,2 slots,Embossed Zadig&Voltaire branding	Dimensions:Width x height:10.5 x 7 cm,Composition:Main material:100% calfskin,Care:Handling:"Protect your leather item from humidity and any source of heat (radiator, sun)",Care:Handling:Avoid your item coming into contact with water,Care:Handling:Ensure you wear your item with similar colours,Care:Handling:Avoid overfilling your bag to ensure its durability,Care:Cleaning:"Regularly care for your leather item using a colourless nourishing cream for leather, suitable for leather goods",Care:Cleaning:"In case of stains, contact a leather professional"	Calfskin	
LWSG01107_BLACK	ZV CARD SOFT WALLET	color:black	Women's Zadig&Voltaire card case in black python-effect leather,4 card slots,One flat pocket,One zipped pocket,Wings charm	Dimensions:Width x height:13.5 x 8 cm,Composition:Main material:100% calf leather	Calf leather	
LWSG01096_BLACK	MINI ZV SOFT SAVAGE	color:black	Women's Zadig&Voltaire wallet in black python-effect leather,Wings charm,2 gussets	Dimensions:Width x height:11 x 8.5 cm,Composition:Main material:100% calf leather	Calf leather	
LWSG03663_COGNAC	MINI ZV WALLET	color:cognac	Women's Mini ZV wallet in brown Cognac leather,Western quilted patterns,Wing signatures,Zip closure,2 gussets	Dimensions:Measurements:11 x 8.5 x 2 cm,Composition:Main material:100% cow leather,Care:Handling:Lambskin is extremely fragile and deserves to be treated with delicacy,Care:Handling:"Protect your leather item from humidity and any source of heat (radiator, sun)",Care:Handling:Avoid your item coming into contact with water,Care:Handling:Ensure you wear your item with similar colours,Care:Handling:Avoid overfilling your bag to ensure its durability,Care:Cleaning:"Regularly care for your leather item using a colourless nourishing cream for leather, suitable for leather goods",Care:Cleaning:"In case of stains, contact a leather professional"	Cow leather	
PWGAP4002F_BLACK	ZV PASS CARD CASE	color:black	2 slots,Diamant,Embellished wings	Dimensions:Width x height:10.5 x 7 cm,Composition:Main material:100% calf leather,Care:Handling:Do not expose your item to a source of heat or to sunlight for a prolonged period,Care:Handling:Avoid routinely overloading your small leather good or clutch,Care:Drying:"In the event of accidental exposure to water, leave your item to dry at room temperature, away from direct light",Care:Cleaning:"To maintain the shine of your smooth or grained leather item, use a leather cream or polish"	Calf leather	
LWOG01143_SHINY SILVER	CHAIN CHARMS KEY RING	color:shiny silver	Metal chain key ring,ZV signature charms,Can be worn as a long strap or as a short charm Wings signature,34 cm	Composition:Main material:100% zamak	Zamak	
LWOG02319_BLACK	MOTORIDER KEYRING	color:black	Leather key ring,Motorbike shape,ZV logo Wings signature	Dimensions:Measurements:6.5 x 8.5 x 6.5 cm,Composition:Main material:100% cow leather	Cow leather	
LWOG02302_SILVER	MOUSE SKATER KEYRING	color:silver	Leather keyring,Mouse motif,"ZV logo Customisations created by Humberto Cruz, an illustrator from San Diego"	Dimensions:Measurements:6 x 9 cm,Composition:Main material:100% cow leather,Care:Handling:"Protect your leather item from humidity and any source of heat (radiator, sun)",Care:Cleaning:"Avoid overfilling your bag to ensure its durability In case of stains, contact a leather professional"	Cow leather	
LWOG02296_BLACK	CHOCOLATE CHOU KEYRING	color:black	Leather keyring,Profiterole design,Signature wings	Dimensions:Measurements:7 x 7 x 7 cm,Composition:Main material:100% cow leather,Care:Handling:"Protect your leather item from humidity and any source of heat (radiator, sun)",Care:Handling:Avoid your item coming into contact with water,Care:Handling:Ensure you wear your item with similar colours,Care:Handling:Avoid overfilling your bag to ensure its durability,Care:Cleaning:"Regularly care for your leather item using a colourless nourishing cream for leather, suitable for leather goods",Care:Cleaning:"In case of stains, contact a leather professional"	Cow leather	
LWOG02311_BLACK	ZADIG TOWER KEYRING	color:black	Leather keyring,Eiffel Tower shape,Tags,Signature wings	Dimensions:Measurements:5.5 x 9.5 x 5.5 cm,Composition:Main material:100% cow leather,Care:Handling:"Protect your leather item from humidity and any source of heat (radiator, sun)",Care:Handling:Avoid your item coming into contact with water,Care:Handling:Ensure you wear your item with similar colours,Care:Handling:Avoid overfilling your bag to ensure its durability,Care:Cleaning:"Regularly care for your leather item using a colourless nourishing cream for leather, suitable for leather goods",Care:Cleaning:"In case of stains, contact a leather professional"	Cow leather	
LWOG02309_BLACK	SUNNY MICRO KEYRING	color:black	Keyring shaped like a miniature Sunny bag,Carabiner clip to attach to a bag	Dimensions:Measurements:7.5 x 5 x 4 cm,Composition:Main material:"67% polyurethane, 33% polyester",Sustainability:Recycled content:Recycled polyester fibers,Care:Handling:Avoid contact or repetitive rubbing with light-coloured clothing to limit colour transfer,Care:Handling:Be careful not to rub your product against abrasive surfaces,Care:Handling:Avoid contact with liquids,Care:Handling:"Keep away from direct sunlight, heat and rain. If it gets wet, dry it immediately with a soft cloth",Care:Handling:Store it in the case supplied at the time of purchase,Care:Cleaning:"To clean it, use a soft, dry cloth. Never use soap or solvents"	Polyurethane/Polyester	
LWOG02301_BLACK	BANANA LOVER KEYRING	color:black	Leather keyring,Banana shape,Carabiner,Metal ring	Care:Handling:"Protect your leather item from humidity and any source of heat (radiator, sun)",Care:Handling:Avoid your item coming into contact with water,Care:Handling:Ensure you wear your item with similar colours,Care:Handling:Avoid overfilling your bag to ensure its durability,Care:Cleaning:"Regularly care for your leather item using a colourless nourishing cream for leather, suitable for leather goods",Care:Cleaning:"In case of stains, contact a leather professional"		
LWOG02297_BLACK	Z WINGS MONOGRAM KEYRING	color:black	Keyring with wings monogram print,Lighter-shaped charm,To attach to a bag	Dimensions:Measurements:15 x 6 cm,Composition:Main material:"67% polyurethane, 33% polyester",Care:Handling:Avoid contact or repetitive rubbing with light-coloured clothing to limit colour transfer,Care:Handling:Be careful not to rub your product against abrasive surfaces,Care:Handling:Avoid contact with liquids,Care:Handling:"Keep away from direct sunlight, heat and rain. If it gets wet, dry it immediately with a soft cloth",Care:Handling:Store it in the case supplied at the time of purchase,Care:Cleaning:"To clean it, use a soft, dry cloth. Never use soap or solvents"	Polyurethane/Polyester	
LWOG02292_GLAM	VOODOO DEVIL KEYRING	color:glam	Patent-effect vintage leather keyring,Voodoo devil doll shape,Signature,Snap hook	Dimensions:Measurements:4 x 115 x 4 cm,Composition:Main material:100% lambskin,Care:Handling:Lambskin is extremely fragile and deserves to be treated with delicacy,Care:Handling:"Protect your leather item from humidity and any source of heat (radiator, sun)",Care:Handling:Avoid your item coming into contact with water,Care:Handling:Ensure you wear your item with similar colours,Care:Handling:Avoid overfilling your bag to ensure its durability,Care:Cleaning:"Regularly care for your leather item using a colourless nourishing cream for leather, suitable for leather goods",Care:Cleaning:"In case of stains, contact a leather professional"	Lambskin	
LWOG02273_FLAME	SKULL KEYRING	color:flame	Women's Skull charm in brown Heritage leather,Adorned with signature embossed wings,To be attached with a ring	Composition:Main material:100% lambskin,Care:Handling:Lambskin is extremely fragile and deserves to be treated with delicacy,Care:Handling:"Protect your leather item from humidity and any source of heat (radiator, sun)",Care:Handling:Avoid your item coming into contact with water,Care:Handling:Ensure you wear your item with similar colours,Care:Handling:Avoid overfilling your bag to ensure its durability,Care:Cleaning:"Regularly care for your leather item using a colourless nourishing cream for leather, suitable for leather goods",Care:Cleaning:"In case of stains, contact a leather professional"	Lambskin	
LWOG02274_BLACK	HIGH WINGS KEYRING	color:black	Women's High charm in red Power vintage-effect patent leather,Adorned with signature embossed wings,To be attached to a	Dimensions:Strap height:8 cm,Composition:Main material:100% cow leather,Care:Handling:"Protect your leather item from humidity and any source of heat (radiator, sun)",Care:Handling:Avoid your item coming into contact with water,Care:Handling:Ensure you wear your item with similar colours,Care:Handling:Avoid overfilling your bag to ensure its durability,Care:Cleaning:"Regularly care for your leather item using a colourless nourishing cream for leather, suitable for leather goods",Care:Cleaning:"In case of stains, contact a leather professional"	Cow leather	
LWOG02274_POWER	HIGH WINGS KEYRING	color:power	Women's High charm in red Power vintage-effect patent leather,Adorned with signature embossed wings,To be attached to a	Dimensions:Strap height:8 cm,Composition:Main material:100% cow leather,Care:Handling:"Protect your leather item from humidity and any source of heat (radiator, sun)",Care:Handling:Avoid your item coming into contact with water,Care:Handling:Ensure you wear your item with similar colours,Care:Handling:Avoid overfilling your bag to ensure its durability,Care:Cleaning:"Regularly care for your leather item using a colourless nourishing cream for leather, suitable for leather goods",Care:Cleaning:"In case of stains, contact a leather professional"	Cow leather	
LWSG01288_BLACK	LOVE LINK KEYRING	color:black	Women's strap keyring in two-tone Noir Gold grained leather,Gold-coloured snap hook	Dimensions:Width x height x depth:1 x 12.5 x 0.4 cm,Composition:Main material:100% calf leather	Calf leather	
LWSG01288_BLACK GOLD	LOVE LINK KEYRING	color:black gold	Women's strap keyring in two-tone Noir Gold grained leather,Gold-coloured snap hook	Dimensions:Width x height x depth:1 x 12.5 x 0.4 cm,Composition:Main material:100% calf leather	Calf leather	
LWSG01288_SILENT	LOVE LINK KEYRING	color:silent	Women's strap keyring in two-tone Noir Gold grained leather,Gold-coloured snap hook	Dimensions:Width x height x depth:1 x 12.5 x 0.4 cm,Composition:Main material:100% calf leather	Calf leather	
LWSG01288_FURIOUS	LOVE LINK KEYRING	color:furious	Women's strap keyring in two-tone Noir Gold grained leather,Gold-coloured snap hook	Dimensions:Width x height x depth:1 x 12.5 x 0.4 cm,Composition:Main material:100% calf leather	Calf leather	
LWSG01288_VIBE	LOVE LINK KEYRING	color:vibe	Women's strap keyring in two-tone Noir Gold grained leather,Gold-coloured snap hook	Dimensions:Width x height x depth:1 x 12.5 x 0.4 cm,Composition:Main material:100% calf leather	Calf leather	
LWSG01288_POWER	LOVE LINK KEYRING	color:power	Women's strap keyring in two-tone Noir Gold grained leather,Gold-coloured snap hook	Dimensions:Width x height x depth:1 x 12.5 x 0.4 cm,Composition:Main material:100% calf leather	Calf leather	
WKAV9203F_WHITE	SWING YOUR WINGS STRASS CHARM	color:white	Wings charm,To clip onto the Swing Your Wings bag	Composition:Main material:100% zamak	Zamak	
OWSA00019_OLD GOLD	STRASS SWING YOUR WINGS CHARM	color:old gold	Wings charm,To clip onto the Swing Your Wings bag	Composition:Main material:100% zamak	Zamak	
OWSA00019_CHANCE	STRASS SWING YOUR WINGS CHARM	color:chance	Wings charm,To clip onto the Swing Your Wings bag	Composition:Main material:100% zamak	Zamak	
OWSA00061_RAINBOW	SWING YOUR WINGS CHARM RAINBOW	color:rainbow	Rainbow wings,Clip onto the Rock Swing Your Wings clutch			
WKAV9201F_KARMA	SWING YOUR WINGS CHARMS	color:karma	Wings charm,To clip onto the Swing Your Wings bag	Composition:Main material:100% zamak	Zamak	accessory:id:WKAP2001F_BLACK
WKAV9201F_YELLOW	SWING YOUR WINGS CHARMS	color:yellow	Wings charm,To clip onto the Swing Your Wings bag	Composition:Main material:100% zamak	Zamak	accessory:id:WKAP2001F_BLACK
WKAV9201F_DEEP	SWING YOUR WINGS CHARMS	color:deep	Wings charm,To clip onto the Swing Your Wings bag	Composition:Main material:100% zamak	Zamak	accessory:id:WKAP2001F_BLACK
WKAV9201F_DOLLY	SWING YOUR WINGS CHARMS	color:dolly	Wings charm,To clip onto the Swing Your Wings bag	Composition:Main material:100% zamak	Zamak	accessory:id:WKAP2001F_BLACK
WKAV9201F_FIERY	SWING YOUR WINGS CHARMS	color:fiery	Wings charm,To clip onto the Swing Your Wings bag	Composition:Main material:100% zamak	Zamak	accessory:id:WKAP2001F_BLACK
WKAV9201F_LUCKY	SWING YOUR WINGS CHARMS	color:lucky	Wings charm,To clip onto the Swing Your Wings bag	Composition:Main material:100% zamak	Zamak	accessory:id:WKAP2001F_BLACK
WKAV9201F_OLD GOLD	SWING YOUR WINGS CHARMS	color:old gold	Wings charm,To clip onto the Swing Your Wings bag	Composition:Main material:100% zamak	Zamak	accessory:id:WKAP2001F_BLACK
WKAV9201F_PASSION	SWING YOUR WINGS CHARMS	color:passion	Wings charm,To clip onto the Swing Your Wings bag	Composition:Main material:100% zamak	Zamak	accessory:id:WKAP2001F_BLACK
LWST01139_SHINY SILVER	CHAIN SHOULDER STRAP	color:shiny silver	Chain shoulder strap,Signature wings ornaments	Dimensions:Measurements:92 x 1.5 cm,Composition:Main material:100% stainless steel	Stainless steel	
LWST01128_FLASH	OVERSTUDDED SHOULDER STRAP	color:flash	Thin shoulder strap in grained leather,Adjustable,Adorned with studs,Snap hooks	Dimensions:Measurements:80 x 1.5 cm,Composition:Main material:100% cow leather,Care:Handling:"Protect your leather item from humidity and any source of heat (radiator, sun)",Care:Handling:Avoid your item coming into contact with water,Care:Handling:Ensure you wear your item with similar colours,Care:Handling:Avoid overfilling your bag to ensure its durability,Care:Cleaning:"Regularly care for your leather item using a colourless nourishing cream for leather, suitable for leather goods",Care:Cleaning:"In case of stains, contact a leather professional"	Cow leather	
LWST01128_BLACK	OVERSTUDDED SHOULDER STRAP	color:black	Thin shoulder strap in grained leather,Adjustable,Adorned with studs,Snap hooks	Dimensions:Measurements:80 x 1.5 cm,Composition:Main material:100% cow leather,Care:Handling:"Protect your leather item from humidity and any source of heat (radiator, sun)",Care:Handling:Avoid your item coming into contact with water,Care:Handling:Ensure you wear your item with similar colours,Care:Handling:Avoid overfilling your bag to ensure its durability,Care:Cleaning:"Regularly care for your leather item using a colourless nourishing cream for leather, suitable for leather goods",Care:Cleaning:"In case of stains, contact a leather professional"	Cow leather	
LWOG00066_BLACK	ADJUSTABLE SHOULDER STRAP	color:black	Ecru canvas shoulder strap with black grained leather panels,Adjustable and removable,Carabiner clips,"Gold-tone rings, wings charm and Zadig&Voltaire signature",115 cm	Dimensions:Depth:4 cm,Composition:Main material:100% coton,Care:Washing:Do not machine-wash your item,Care:Cleaning:"In case of stains, contact a leather professional"	Coton	
LWOG00003_FLASH	STUDS PIPING STRAP	color:flash	Flash ecru grained leather shoulder strap,Removable,Snap hooks,"Studded trim, grained leather panels and wings charm"	Dimensions:Height x depth:100 x 4 cm,Composition:Main material:100% calf leather,Care:Handling:"Protect your leather item from humidity and any source of heat (radiator, sun); Avoid your item coming into contact with water",Care:Cleaning:"Regularly care for your leather item using a colourless nourishing cream for leather, suitable for leather goods",Care:Cleaning:"In case of stains, contact a leather professional"	Calf leather	
LWOG00005_GOLD	GLITTER BAG STRAP	color:gold	Shoulder strap,Adjustable and removable,Contrasting woven glitter jacquard,Snap hooks,Grained leather panels,Wings charm	Composition:Main material:100% nylon,Care:Washing:Do not machine-wash your item,Care:Cleaning:"In case of stains, contact a leather professional"	Nylon	
LWOG00005_NOIR SILVER	GLITTER BAG STRAP	color:noir silver	Shoulder strap,Adjustable and removable,Contrasting woven glitter jacquard,Snap hooks,Grained leather panels,Wings charm	Composition:Main material:100% nylon,Care:Washing:Do not machine-wash your item,Care:Cleaning:"In case of stains, contact a leather professional"	Nylon	
LWBA04184_BROWNIE	JANE HOBO VINTAGE PATENT BAG	color:brownie	Hobo bag in vintage effect patent leather,Adjustable and removable leather handle,Magnetic closure,Interior zipped pocket,Embossed wings signature,Shoulder bag Handle	Dimensions:Strap height:28 cm,Dimensions:Height:25 cm,Dimensions:Measurements:27.5 x 35 x 12 cm,Composition:Main material:100% cow leather,Care:Handling:"Protect your leather item from humidity and any source of heat (radiator, sun)",Care:Handling:Avoid your item coming into contact with water,Care:Handling:Ensure you wear your item with similar colours,Care:Handling:Avoid overfilling your bag to ensure its durability,Care:Cleaning:"Regularly care for your leather item using a colourless nourishing cream for leather, suitable for leather goods",Care:Cleaning:"In case of stains, contact a leather professional"	Cow leather	
LWBA04013_BLACK	JANE BASKET BAG	color:black	Basket-effect bag,Adjustable and removable leather strap,Flap with magnetic closure,Interior zipped pocket,Signature wings,Can be worn over the shoulder or cross-body	Dimensions:Measurements:23 x 27 x 14.5 cm,Composition:Main material:"78% cotton, 17% polyamide, 5% cotton",Sustainability:Organic content:Fibers from organic farming	Cotton/Polyamide	
LWBA04065_ROAD GREY	ROCKY I I DENIM MONOGRAM BAG	color:road grey	Quilted monogram denim bag,Adjustable and removable leather shoulder strap,Removable curb chain,Zip and magnetic closure,Flat back pocket with magnetic closure,Interior patch pocket,Signature wings,Shoulder or cross-body carry	Dimensions:Measurements:27 x 15 x 10 cm,Composition:Main material:"60% cotton, 40% cotton",Sustainability:Recycled content:Recycled cotton fibers	Cotton	
LWBA03891_BLACK	SUNNY MOODY BAG	color:black	Women's Sunny Moody bag in patent leather with vintage effect in ecru Flash,Removable leather shoulder strap,Zipped closure,Zipped gussets to enlarge your bag,Zipped inside pocket,Metal wings,Carried over the shoulder or cross-body Adjustable	Dimensions:Strap height:28 to 57 cm,Dimensions:Measurements:31.5 x 18 x 7.5 cm,Composition:Main material:100% cow leather,Care:Handling:"Protect your leather item from humidity and any source of heat (radiator, sun)",Care:Handling:Avoid your item coming into contact with water,Care:Handling:Ensure you wear your item with similar colours,Care:Handling:Avoid overfilling your bag to ensure its durability,Care:Cleaning:"Regularly care for your leather item using a colourless nourishing cream for leather, suitable for leather goods",Care:Cleaning:"In case of stains, contact a leather professional"	Cow leather	accessory:id:LWOG02274_POWER
LWBA02518_FLASH	SUNNY WALLET	color:flash	Women's wallet in black patent leather with vintage effect,Zip fastening with metal medallion pull tab,"3 card slots, one coin compartment with press studs, one double pocket",One flat pocket,Metal wings,Topstitching,Embossed with Zadig&Voltaire	Dimensions:Width x height x depth:10.5 x 9.5 x 2 cm,Composition:Main material:100% cow leather,Care:Handling:"Protect your leather item from humidity and any source of heat (radiator, sun); Avoid your item coming into contact with water",Care:Cleaning:"Regularly care for your leather item using a colourless nourishing cream for leather, suitable for leather goods",Care:Cleaning:"In case of stains, contact a leather professional"	Cow leather	
LWBA03891_FLASH	SUNNY MOODY BAG	color:flash	Women's Sunny Moody bag in patent leather with vintage effect in ecru Flash,Removable leather shoulder strap,Zipped closure,Zipped gussets to enlarge your bag,Zipped inside pocket,Metal wings,Carried over the shoulder or cross-body Adjustable	Dimensions:Strap height:28 to 57 cm,Dimensions:Measurements:31.5 x 18 x 7.5 cm,Composition:Main material:100% cow leather,Care:Handling:"Protect your leather item from humidity and any source of heat (radiator, sun)",Care:Handling:Avoid your item coming into contact with water,Care:Handling:Ensure you wear your item with similar colours,Care:Handling:Avoid overfilling your bag to ensure its durability,Care:Cleaning:"Regularly care for your leather item using a colourless nourishing cream for leather, suitable for leather goods",Care:Cleaning:"In case of stains, contact a leather professional"	Cow leather	
LWBA02519_FLASH	SUNNY CARD HOLDER	color:flash	Women's card holder in Power red patent leather with vintage effect,Zip fastening,"6 card slots: 1 on the front and 5 at the back",Metal wings,Metal strap with links and Zadig&Voltaire medallion,Embossed with Zadig&Voltaire	Dimensions:Width x height:13 x 7.5 cm,Composition:Main material:100% cow leather,Care:Handling:"Protect your leather item from humidity and any source of heat (radiator, sun); Avoid your item coming into contact with water",Care:Cleaning:"Regularly care for your leather item using a colourless nourishing cream for leather, suitable for leather goods",Care:Cleaning:"In case of stains, contact a leather professional"	Cow leather	
LWBA02519_POWER	SUNNY CARD HOLDER	color:power	Women's card holder in Power red patent leather with vintage effect,Zip fastening,"6 card slots: 1 on the front and 5 at the back",Metal wings,Metal strap with links and Zadig&Voltaire medallion,Embossed with Zadig&Voltaire	Dimensions:Width x height:13 x 7.5 cm,Composition:Main material:100% cow leather,Care:Handling:"Protect your leather item from humidity and any source of heat (radiator, sun); Avoid your item coming into contact with water",Care:Cleaning:"Regularly care for your leather item using a colourless nourishing cream for leather, suitable for leather goods",Care:Cleaning:"In case of stains, contact a leather professional"	Cow leather	
LWBA02517_FLASH	SUNNY PASS CARD HOLDER	color:flash	Women's card holder in Power red patent leather with vintage effect,"4 card slots: 1 in the centre, 1 on the front and 2 at the back",Metal wings,Metal strap with charm links and Sun Zadig insignia medallion,Topstitching,Embossed with Zadig&Voltaire	Dimensions:Width x height:10.5 x 7 cm,Composition:Main material:100% cow leather,Care:Handling:"Protect your leather item from humidity and any source of heat (radiator, sun); Avoid your item coming into contact with water",Care:Cleaning:"Regularly care for your leather item using a colourless nourishing cream for leather, suitable for leather goods",Care:Cleaning:"In case of stains, contact a leather professional"	Cow leather	
LWBA02517_BLACK	SUNNY PASS CARD HOLDER	color:black	Women's card holder in Power red patent leather with vintage effect,"4 card slots: 1 in the centre, 1 on the front and 2 at the back",Metal wings,Metal strap with charm links and Sun Zadig insignia medallion,Topstitching,Embossed with Zadig&Voltaire	Dimensions:Width x height:10.5 x 7 cm,Composition:Main material:100% cow leather,Care:Handling:"Protect your leather item from humidity and any source of heat (radiator, sun); Avoid your item coming into contact with water",Care:Cleaning:"Regularly care for your leather item using a colourless nourishing cream for leather, suitable for leather goods",Care:Cleaning:"In case of stains, contact a leather professional"	Cow leather	
LWBA02517_POWER	SUNNY PASS CARD HOLDER	color:power	Women's card holder in Power red patent leather with vintage effect,"4 card slots: 1 in the centre, 1 on the front and 2 at the back",Metal wings,Metal strap with charm links and Sun Zadig insignia medallion,Topstitching,Embossed with Zadig&Voltaire	Dimensions:Width x height:10.5 x 7 cm,Composition:Main material:100% cow leather,Care:Handling:"Protect your leather item from humidity and any source of heat (radiator, sun); Avoid your item coming into contact with water",Care:Cleaning:"Regularly care for your leather item using a colourless nourishing cream for leather, suitable for leather goods",Care:Cleaning:"In case of stains, contact a leather professional"	Cow leather	
LWSG03642_FLAME	ZV CARD WALLET	color:flame	Coated canvas card holder,Zip closure,4 exterior card slots,One flat pocket and one zipped pocket,Embossed Zadig&Voltaire	Dimensions:Measurements:13.5 x 8 cm,Composition:Main material:"67% polyur, 33% polyester",Care:Handling:Be careful not to rub your product against abrasive surfaces,Care:Handling:Avoid contact with liquids,Care:Handling:"Keep away from direct sunlight, heat and rain. If it gets wet, dry it immediately with a soft cloth",Care:Handling:Store it in the case supplied at the time of purchase,Care:Cleaning:"To clean it, use a soft, dry cloth. Never use soap or solvents"	Polyur/Polyester	
LWSG03642_FLASH	ZV CARD WALLET	color:flash	Coated canvas card holder,Zip closure,4 exterior card slots,One flat pocket and one zipped pocket,Embossed Zadig&Voltaire	Dimensions:Measurements:13.5 x 8 cm,Composition:Main material:"67% polyur, 33% polyester",Care:Handling:Be careful not to rub your product against abrasive surfaces,Care:Handling:Avoid contact with liquids,Care:Handling:"Keep away from direct sunlight, heat and rain. If it gets wet, dry it immediately with a soft cloth",Care:Handling:Store it in the case supplied at the time of purchase,Care:Cleaning:"To clean it, use a soft, dry cloth. Never use soap or solvents"	Polyur/Polyester	
LWSG03642_BLACK	ZV CARD WALLET	color:black	Coated canvas card holder,Zip closure,4 exterior card slots,One flat pocket and one zipped pocket,Embossed Zadig&Voltaire	Dimensions:Measurements:13.5 x 8 cm,Composition:Main material:"67% polyur, 33% polyester",Care:Handling:Be careful not to rub your product against abrasive surfaces,Care:Handling:Avoid contact with liquids,Care:Handling:"Keep away from direct sunlight, heat and rain. If it gets wet, dry it immediately with a soft cloth",Care:Handling:Store it in the case supplied at the time of purchase,Care:Cleaning:"To clean it, use a soft, dry cloth. Never use soap or solvents"	Polyur/Polyester	
LWSG03642_ELECTRIC	ZV CARD WALLET	color:electric	Coated canvas card holder,Zip closure,4 exterior card slots,One flat pocket and one zipped pocket,Embossed Zadig&Voltaire	Dimensions:Measurements:13.5 x 8 cm,Composition:Main material:"67% polyur, 33% polyester",Care:Handling:Be careful not to rub your product against abrasive surfaces,Care:Handling:Avoid contact with liquids,Care:Handling:"Keep away from direct sunlight, heat and rain. If it gets wet, dry it immediately with a soft cloth",Care:Handling:Store it in the case supplied at the time of purchase,Care:Cleaning:"To clean it, use a soft, dry cloth. Never use soap or solvents"	Polyur/Polyester	
LWSG03642_EPIC	ZV CARD WALLET	color:epic	Coated canvas card holder,Zip closure,4 exterior card slots,One flat pocket and one zipped pocket,Embossed Zadig&Voltaire	Dimensions:Measurements:13.5 x 8 cm,Composition:Main material:"67% polyur, 33% polyester",Care:Handling:Be careful not to rub your product against abrasive surfaces,Care:Handling:Avoid contact with liquids,Care:Handling:"Keep away from direct sunlight, heat and rain. If it gets wet, dry it immediately with a soft cloth",Care:Handling:Store it in the case supplied at the time of purchase,Care:Cleaning:"To clean it, use a soft, dry cloth. Never use soap or solvents"	Polyur/Polyester	
LWSG03640_FLAME	MINI ZV WALLET	color:flame	Women's Mini ZV wallet in black coated canvas,Monogram print,Zip closure,Metal wings	Dimensions:Measurements:11 x 8.5 x 2 cm,Composition:Main material:"67% polyur, 33% polyester"	Polyur/Polyester	
LWSG03640_FLASH	MINI ZV WALLET	color:flash	Women's Mini ZV wallet in black coated canvas,Monogram print,Zip closure,Metal wings	Dimensions:Measurements:11 x 8.5 x 2 cm,Composition:Main material:"67% polyur, 33% polyester"	Polyur/Polyester	
LWSG03640_BLACK	MINI ZV WALLET	color:black	Women's Mini ZV wallet in black coated canvas,Monogram print,Zip closure,Metal wings	Dimensions:Measurements:11 x 8.5 x 2 cm,Composition:Main material:"67% polyur, 33% polyester"	Polyur/Polyester	
LWSG03640_ELECTRIC	MINI ZV WALLET	color:electric	Women's Mini ZV wallet in black coated canvas,Monogram print,Zip closure,Metal wings	Dimensions:Measurements:11 x 8.5 x 2 cm,Composition:Main material:"67% polyur, 33% polyester"	Polyur/Polyester	
LWSG03645_FLAME	ZV PASS CARD HOLDER	color:flame	ZV Pass card holder in coated canvas,2 card slots on the back and 1 pocket in the middle,Embossed Zadig&Voltaire	Dimensions:Measurements:10.5 x 7 cm,Composition:Main material:"67% polyur, 33% polyester",Care:Handling:Be careful not to rub your product against abrasive surfaces,Care:Handling:Avoid contact with liquids,Care:Handling:"Keep away from direct sunlight, heat and rain. If it gets wet, dry it immediately with a soft cloth",Care:Handling:Store it in the case supplied at the time of purchase,Care:Cleaning:"To clean it, use a soft, dry cloth. Never use soap or solvents"	Polyur/Polyester	
LWSG03645_FLASH	ZV PASS CARD HOLDER	color:flash	ZV Pass card holder in coated canvas,2 card slots on the back and 1 pocket in the middle,Embossed Zadig&Voltaire	Dimensions:Measurements:10.5 x 7 cm,Composition:Main material:"67% polyur, 33% polyester",Care:Handling:Be careful not to rub your product against abrasive surfaces,Care:Handling:Avoid contact with liquids,Care:Handling:"Keep away from direct sunlight, heat and rain. If it gets wet, dry it immediately with a soft cloth",Care:Handling:Store it in the case supplied at the time of purchase,Care:Cleaning:"To clean it, use a soft, dry cloth. Never use soap or solvents"	Polyur/Polyester	
LWSG03645_BLACK	ZV PASS CARD HOLDER	color:black	ZV Pass card holder in coated canvas,2 card slots on the back and 1 pocket in the middle,Embossed Zadig&Voltaire	Dimensions:Measurements:10.5 x 7 cm,Composition:Main material:"67% polyur, 33% polyester",Care:Handling:Be careful not to rub your product against abrasive surfaces,Care:Handling:Avoid contact with liquids,Care:Handling:"Keep away from direct sunlight, heat and rain. If it gets wet, dry it immediately with a soft cloth",Care:Handling:Store it in the case supplied at the time of purchase,Care:Cleaning:"To clean it, use a soft, dry cloth. Never use soap or solvents"	Polyur/Polyester	
LWSG03645_ELECTRIC	ZV PASS CARD HOLDER	color:electric	ZV Pass card holder in coated canvas,2 card slots on the back and 1 pocket in the middle,Embossed Zadig&Voltaire	Dimensions:Measurements:10.5 x 7 cm,Composition:Main material:"67% polyur, 33% polyester",Care:Handling:Be careful not to rub your product against abrasive surfaces,Care:Handling:Avoid contact with liquids,Care:Handling:"Keep away from direct sunlight, heat and rain. If it gets wet, dry it immediately with a soft cloth",Care:Handling:Store it in the case supplied at the time of purchase,Care:Cleaning:"To clean it, use a soft, dry cloth. Never use soap or solvents"	Polyur/Polyester	
LWBA02269_FLASH	ROCKY SOFT SAVAGE BAG	color:flash	Women's Zadig&Voltaire Rocky bag in Flash ecru python-effect,Zip fastening,Adjustable and detachable leather strap,Detachable silver-tone metal chain,Multiple compartments including a large zipped inner compartment,Back zipped pocket,Wings charm,Can be carried as a shoulder or crossbody bag	Dimensions:Strap height:29 cm,Dimensions:Width x height x depth:27 x 16 x 12 cm,Composition:Main material:100% calf leather,Care:Handling:Do not expose your item to a source of heat or to sunlight for a prolonged period,Care:Handling:Avoid routinely overloading your handbag or clutch,Care:Handling:"To prolong its life, store your item in a dust bag and pad it with tissue paper to maintain its shape",Care:Drying:"In the event of accidental exposure to water, leave your item to dry at room temperature, away from direct light"	Calf leather	
LWBA00055_FLASH	ROCKY XL MAT SCALE BAG	color:flash	Women's Rocky bag in smooth quilted ecru leather with snake scale look,Zipped,Adjustable and removable leather shoulder strap,Removable silver metal chain,Carry it on your shoulder or crossbody,Several compartments including a large zipped interior pocket,Zipped pocket on the back Adjustable shoulder,115 cm	Dimensions:Strap height:70 cm,Dimensions:Width x height x depth:27 x 16 x 12 cm,Composition:Main material:100% lambskin,Care:Handling:Do not expose your item to a source of heat or to sunlight for a prolonged period,Care:Handling:Avoid routinely overloading your handbag or clutch,Care:Handling:"To prolong its life, store your item in a dust bag and pad it with tissue paper to maintain its shape",Care:Drying:"In the event of accidental exposure to water, leave your item to dry at room temperature, away from direct light",Care:Cleaning:"To maintain the shine of your smooth or grained leather item, use a leather cream or polish"	Lambskin	
SWCT02145_BLACK	CARA VINTAGE PATENT BOOTS	color:black	Vintage-effect patent leather boots,Pointed toe,Tube shaft,Kitten heel,Comfort insole Wings signature at the back	Fit:Sizing advice:This item fits to size. We recommend choosing your usual size,Composition:Upper:100% cow leather,Care:Handling:"Protect your leather item from humidity and any source of heat (radiator, sun)"		
OWJW01785_SHINY GOLD	PEACE NECKLACE	color:shiny gold	Chain necklace,Peace & love wings pendant	Composition:Main material:100% brass,Care:Handling:"To extend the life of your jewellery, we recommend taking care of it and handling it with caution",Care:Handling:"Avoid contact with water and chemical products (perfume, cosmetics, chlorine, hand sanitiser)",Care:Handling:Protect your item from moisture and any heat sources,Care:Handling:"Avoid wearing your jewellery at the beach, at the pool or during sports to prevent shocks and scratches",Care:Handling:Store your jewellery in its pouch,Care:Cleaning:"Clean your jewellery with a soft, dry cloth"	Brass	
OWJW01793_SHINY GOLD	LONG NECKLACE HEARTBREAKER	color:shiny gold	Long necklace in gold-tone brass,Heart pendant	Composition:Main material:100% brass,Care:Cleaning:"Clean you jewellery with a soft, dry cloth",Care:Handling:"Avoid contact with water and chemicals (fragrance, cosmetics, chlorine, hydroalcoholic gel)",Care:Handling:Protect your jewellery from humidity and any source of heat,Care:Handling:Avoid sleeping with your jewellery on,Care:Handling:Store your jewellery in its protective pouch	Brass	
OWJW01785_SHINY SILVER	PEACE NECKLACE	color:shiny silver	Chain necklace,Peace & love wings pendant	Composition:Main material:100% brass,Care:Handling:"To extend the life of your jewellery, we recommend taking care of it and handling it with caution",Care:Handling:"Avoid contact with water and chemical products (perfume, cosmetics, chlorine, hand sanitiser)",Care:Handling:Protect your item from moisture and any heat sources,Care:Handling:"Avoid wearing your jewellery at the beach, at the pool or during sports to prevent shocks and scratches",Care:Handling:Store your jewellery in its pouch,Care:Cleaning:"Clean your jewellery with a soft, dry cloth"	Brass	
OWJW01781_SHINY GOLD	HEARTBREAKER NECKLACE	color:shiny gold		Composition:Main material:100% brass,Care:Cleaning:"Clean you jewellery with a soft, dry cloth",Care:Handling:"Avoid contact with water and chemicals (fragrance, cosmetics, chlorine, hydroalcoholic gel)",Care:Handling:Protect your jewellery from humidity and any source of heat,Care:Handling:Avoid sleeping with your jewellery on,Care:Handling:Store your jewellery in its protective pouch	Brass	
OWJW01776_SHINY GOLD	HEARTBREAKER STRASS RING	color:shiny gold		Composition:Main material:100% brass,Care:Cleaning:"Clean you jewellery with a soft, dry cloth",Care:Handling:"Avoid contact with water and chemicals (fragrance, cosmetics, chlorine, hydroalcoholic gel)",Care:Handling:Protect your jewellery from humidity and any source of heat,Care:Handling:Avoid sleeping with your jewellery on,Care:Handling:Store your jewellery in its protective pouch	Brass	
OWJW01778_SHINY GOLD	HEARTBREAKER OVER STRASS RING	color:shiny gold		Composition:Main material:100% brass,Care:Cleaning:"Clean you jewellery with a soft, dry cloth",Care:Handling:"Avoid contact with water and chemicals (fragrance, cosmetics, chlorine, hydroalcoholic gel)",Care:Handling:Protect your jewellery from humidity and any source of heat,Care:Handling:Avoid sleeping with your jewellery on,Care:Handling:Store your jewellery in its protective pouch	Brass	
OWJW01765_OLD GOLD	LONG CHAIN NECKLACE	color:old gold	Long stainless steel necklace,Ball chain,Double plaques with wings signature	Composition:Main material:100% stainless steel,Care:Cleaning:"Clean you jewellery with a soft, dry cloth",Care:Handling:"Avoid contact with water and chemicals (fragrance, cosmetics, chlorine, hydroalcoholic gel)",Care:Handling:Protect your jewellery from humidity and any source of heat,Care:Handling:Avoid sleeping with your jewellery on,Care:Handling:Store your jewellery in its protective pouch	Stainless steel	
OWJW01777_SHINY SILVER	HEARTBREAKER FLASH RING	color:shiny silver		Composition:Main material:100% brass,Care:Cleaning:"Clean you jewellery with a soft, dry cloth",Care:Handling:"Avoid contact with water and chemicals (fragrance, cosmetics, chlorine, hydroalcoholic gel)",Care:Handling:Protect your jewellery from humidity and any source of heat,Care:Handling:Avoid sleeping with your jewellery on,Care:Handling:Store your jewellery in its protective pouch	Brass	
OWJW01779_SHINY SILVER	HEARTBREAKER FULL STRASS RING	color:shiny silver		Composition:Main material:100% brass,Care:Cleaning:"Clean you jewellery with a soft, dry cloth",Care:Handling:"Avoid contact with water and chemicals (fragrance, cosmetics, chlorine, hydroalcoholic gel)",Care:Handling:Protect your jewellery from humidity and any source of heat,Care:Handling:Avoid sleeping with your jewellery on,Care:Handling:Store your jewellery in its protective pouch	Brass	
OWJW01771_SHINY SILVER	ROCK STAR EARRINGS	color:shiny silver	Shiny Gold brass earrings for women,Stars adorned with crystals	Composition:Main material:100% brass,Care:Cleaning:"Clean you jewellery with a soft, dry cloth",Care:Handling:"Avoid contact with water and chemicals (fragrance, cosmetics, chlorine, hydroalcoholic gel)",Care:Handling:Protect your jewellery from humidity and any source of heat,Care:Handling:Avoid sleeping with your jewellery on,Care:Handling:Store your jewellery in its protective pouch	Brass	
OWJW01729_SHINY SILVER	ROCK STAR RING	color:shiny silver	Shiny Silver openwork silver-plated brass ring for women,Stars	Sustainability:Recycled content:"At least 75% recycled brass, excluding chains and clasps",Composition:Main material:100% brass,Care:Cleaning:"Clean you jewellery with a soft, dry cloth",Care:Handling:"Avoid contact with water and chemicals (fragrance, cosmetics, chlorine, hydroalcoholic gel)",Care:Handling:Protect your jewellery from humidity and any source of heat,Care:Handling:Avoid sleeping with your jewellery on,Care:Handling:Store your jewellery in its protective pouch	Brass	
OWJW01772_SHINY SILVER	ROCK STAR STRASS RING	color:shiny silver		Composition:Main material:100% brass,Care:Cleaning:"Clean you jewellery with a soft, dry cloth",Care:Handling:"Avoid contact with water and chemicals (fragrance, cosmetics, chlorine, hydroalcoholic gel)",Care:Handling:Protect your jewellery from humidity and any source of heat,Care:Handling:Avoid sleeping with your jewellery on,Care:Handling:Store your jewellery in its protective pouch	Brass	
OWJW00649_MATT SILVER	ROCK FEATHER BRACELET	color:matt silver	Wing-shaped bracelet,Rhinestones Wings signature	Composition:Main material:100% bras,Care:Handling:"To extend the life of your jewellery, we recommend taking care of it and handling it with caution",Care:Handling:"Avoid contact with water and chemical products (perfume, cosmetics, chlorine, hand sanitiser)",Care:Handling:Protect your item from moisture and any heat sources,Care:Handling:"Avoid wearing your jewellery at the beach, at the pool or during sports to prevent shocks and scratches",Care:Handling:Store your jewellery in its pouch,Care:Cleaning:"Clean your jewellery with a soft, dry cloth"	Bras	
OWJW00632_SHINY SILVER	ROCK CHOKER NECKLACE	color:shiny silver	Women's Shiny Silver silver-tone brass chain necklace,Inserts and wing pendant embellished with silver-tone diamant,"Adjustable clasp signed ZV Length : 35",37 cm	Composition:Main material:100% brass,Care:Cleaning:"Clean you jewellery with a soft, dry cloth",Care:Handling:"Avoid contact with water and chemicals (fragrance, cosmetics, chlorine, hydroalcoholic gel)",Care:Handling:Protect your jewellery from humidity and any source of heat,Care:Handling:Avoid sleeping with your jewellery on,Care:Handling:Store your jewellery in its protective pouch	Brass	
OWJW00632_SHINY GOLD	ROCK CHOKER NECKLACE	color:shiny gold	Women's Shiny Silver silver-tone brass chain necklace,Inserts and wing pendant embellished with silver-tone diamant,"Adjustable clasp signed ZV Length : 35",37 cm	Composition:Main material:100% brass,Care:Cleaning:"Clean you jewellery with a soft, dry cloth",Care:Handling:"Avoid contact with water and chemicals (fragrance, cosmetics, chlorine, hydroalcoholic gel)",Care:Handling:Protect your jewellery from humidity and any source of heat,Care:Handling:Avoid sleeping with your jewellery on,Care:Handling:Store your jewellery in its protective pouch	Brass	
OWJW00633_SHINY SILVER	ROCK BRACELET	color:shiny silver	Women's Shiny Silver silver-tone brass chain bracelet,Inserts and wings embellished with diamant,Adjustable clasp signed ZV,19 cm	Composition:Main material:100% brass,Care:Cleaning:"Clean you jewellery with a soft, dry cloth",Care:Handling:"Avoid contact with water and chemicals (fragrance, cosmetics, chlorine, hydroalcoholic gel)",Care:Handling:Protect your jewellery from humidity and any source of heat,Care:Handling:Avoid sleeping with your jewellery on,Care:Handling:Store your jewellery in its protective pouch	Brass	
OWJW00633_SHINY GOLD	ROCK BRACELET	color:shiny gold	Women's Shiny Silver silver-tone brass chain bracelet,Inserts and wings embellished with diamant,Adjustable clasp signed ZV,19 cm	Composition:Main material:100% brass,Care:Cleaning:"Clean you jewellery with a soft, dry cloth",Care:Handling:"Avoid contact with water and chemicals (fragrance, cosmetics, chlorine, hydroalcoholic gel)",Care:Handling:Protect your jewellery from humidity and any source of heat,Care:Handling:Avoid sleeping with your jewellery on,Care:Handling:Store your jewellery in its protective pouch	Brass	
OWJW00631_SHINY GOLD	ROCK RING	color:shiny gold		Composition:Main material:100% brass,Care:Cleaning:"Clean you jewellery with a soft, dry cloth",Care:Handling:"Avoid contact with water and chemicals (fragrance, cosmetics, chlorine, hydroalcoholic gel)",Care:Handling:Protect your jewellery from humidity and any source of heat,Care:Handling:Avoid sleeping with your jewellery on,Care:Handling:Store your jewellery in its protective pouch	Brass	
OWJW00631_SHINY SILVER	ROCK RING	color:shiny silver		Composition:Main material:100% brass,Care:Cleaning:"Clean you jewellery with a soft, dry cloth",Care:Handling:"Avoid contact with water and chemicals (fragrance, cosmetics, chlorine, hydroalcoholic gel)",Care:Handling:Protect your jewellery from humidity and any source of heat,Care:Handling:Avoid sleeping with your jewellery on,Care:Handling:Store your jewellery in its protective pouch	Brass	
OWJW01757_FLAME	ZADIG LINK HEART BRACELET	color:flame	Bracelet,"Double engraved hearts, iconic house motif",Adjustable cord	Composition:Main material:100% brass,Care:Cleaning:"Clean you jewellery with a soft, dry cloth",Care:Handling:"Avoid contact with water and chemicals (fragrance, cosmetics, chlorine, hydroalcoholic gel)",Care:Handling:Protect your jewellery from humidity and any source of heat,Care:Handling:Avoid sleeping with your jewellery on,Care:Handling:Store your jewellery in its protective pouch	Brass	
OWJW01758_BLACK	ZADIG HEART STRASS BRACELET	color:black	Bracelet,"Double rhinestone hearts, iconic house motif",Adjustable cord	Composition:Main material:100% brass,Care:Cleaning:"Clean you jewellery with a soft, dry cloth",Care:Handling:"Avoid contact with water and chemicals (fragrance, cosmetics, chlorine, hydroalcoholic gel)",Care:Handling:Protect your jewellery from humidity and any source of heat,Care:Handling:Avoid sleeping with your jewellery on,Care:Handling:Store your jewellery in its protective pouch	Brass	
OWJW01782_FIERCE	VOLTAIRE WOVEN BRACELET	color:fierce	Women's woven bracelet,Star embroideries,Drawstrings with tassels	Dimensions:Measurements:14 x 2 cm,Composition:Main material:100% polyester,Care:Cleaning:"Clean you jewellery with a soft, dry cloth",Care:Handling:"Avoid contact with water and chemicals (fragrance, cosmetics, chlorine, hydroalcoholic gel)",Care:Handling:Protect your jewellery from humidity and any source of heat,Care:Handling:Avoid sleeping with your jewellery on,Care:Handling:Store your jewellery in its protective pouch	Polyester	
OWJW01758_POWER	ZADIG HEART STRASS BRACELET	color:power	Bracelet,"Double rhinestone hearts, iconic house motif",Adjustable cord	Composition:Main material:100% brass,Care:Cleaning:"Clean you jewellery with a soft, dry cloth",Care:Handling:"Avoid contact with water and chemicals (fragrance, cosmetics, chlorine, hydroalcoholic gel)",Care:Handling:Protect your jewellery from humidity and any source of heat,Care:Handling:Avoid sleeping with your jewellery on,Care:Handling:Store your jewellery in its protective pouch	Brass	
OWJW01759_FLASH	WOVEN BRACELET ZADIG HEART	color:flash	Woven bracelet,Heart embroidery,Drawstrings with tassels	Dimensions:Measurements:14 x 2 cm,Composition:Main material:100% cotton,Care:Cleaning:"Clean you jewellery with a soft, dry cloth",Care:Handling:"Avoid contact with water and chemicals (fragrance, cosmetics, chlorine, hydroalcoholic gel)",Care:Handling:Protect your jewellery from humidity and any source of heat,Care:Handling:Avoid sleeping with your jewellery on,Care:Handling:Store your jewellery in its protective pouch	Cotton	
OWJW01721_POWER	WOVEN ZADIG BRACELET	color:power	Women's woven Power bracelet,Contrasting wings embroidery,Drawstring cords with tassels	Dimensions:Length:23 cm,Dimensions:Width:2 cm,Composition:Main material:100% polyester,Care:Cleaning:"Clean you jewellery with a soft, dry cloth",Care:Handling:"Avoid contact with water and chemicals (fragrance, cosmetics, chlorine, hydroalcoholic gel)",Care:Handling:Protect your jewellery from humidity and any source of heat,Care:Handling:Avoid sleeping with your jewellery on	Polyester	
OWJW01759_FLAME	WOVEN BRACELET ZADIG HEART	color:flame	Woven bracelet,Heart embroidery,Drawstrings with tassels	Dimensions:Measurements:14 x 2 cm,Composition:Main material:100% cotton,Care:Cleaning:"Clean you jewellery with a soft, dry cloth",Care:Handling:"Avoid contact with water and chemicals (fragrance, cosmetics, chlorine, hydroalcoholic gel)",Care:Handling:Protect your jewellery from humidity and any source of heat,Care:Handling:Avoid sleeping with your jewellery on,Care:Handling:Store your jewellery in its protective pouch	Cotton	
OWJW01721_BLACK	WOVEN ZADIG BRACELET	color:black	Women's woven Power bracelet,Contrasting wings embroidery,Drawstring cords with tassels	Dimensions:Length:23 cm,Dimensions:Width:2 cm,Composition:Main material:100% polyester,Care:Cleaning:"Clean you jewellery with a soft, dry cloth",Care:Handling:"Avoid contact with water and chemicals (fragrance, cosmetics, chlorine, hydroalcoholic gel)",Care:Handling:Protect your jewellery from humidity and any source of heat,Care:Handling:Avoid sleeping with your jewellery on	Polyester	
OWJW01722_BLACK	WOVEN ZADIG BRACELET	color:black	Women's wide black woven bracelet,Embroidery with wings and hearts,Drawstrings with tassels	Dimensions:Length:23 cm,Dimensions:Width:3 cm,Composition:Main material:100% polyester,Care:Cleaning:"Clean you jewellery with a soft, dry cloth",Care:Handling:"Avoid contact with water and chemicals (fragrance, cosmetics, chlorine, hydroalcoholic gel)",Care:Handling:Protect your jewellery from humidity and any source of heat,Care:Handling:Avoid sleeping with your jewellery on	Polyester	
OWJW01726_SHINY GUN	STELLA ROCK NECKLACE	color:shiny gun	Brass chain necklace,Wing adorned with star-shaped crystals	Composition:Main material:100% brass,Care:Cleaning:"Clean you jewellery with a soft, dry cloth",Care:Handling:"Avoid contact with water and chemicals (fragrance, cosmetics, chlorine, hydroalcoholic gel)",Care:Handling:Protect your jewellery from humidity and any source of heat,Care:Handling:Avoid sleeping with your jewellery on,Care:Handling:Store your jewellery in its protective pouch	Brass	
OWJW00555_OLD GOLD	ROCK FEATHER BRACELET	color:old gold	Women's blackened and gold-tone brass bangle,Wings,"Crystal-embellished 1 : 55 mm X 45 mm 2 : 65 mm X 55 mm"	Composition:Main material:100% brass	Brass	
OWJW00056_SHINY SILVER	SNAKE HOOP EARRINGS	color:shiny silver	Women's grooved gold-tone brass snake hoop earrings,Green crystal eyes	Composition:Main material:100% brass	Brass	
OWJW00030_SHINY GOLD	SNAKE RING	color:shiny gold	Womens black and gold-tone brass snake ring,Green crystal eyes,"Size 2: 52","Size 3: 54"	Composition:Main material:100% brass,Care:Cleaning:"Clean you jewellery with a soft, dry cloth",Care:Handling:"Avoid contact with water and chemicals (fragrance, cosmetics, chlorine, hydroalcoholic gel)",Care:Handling:Protect your jewellery from humidity and any source of heat,Care:Handling:Avoid sleeping with your jewellery on,Care:Handling:Store your jewellery in its protective pouch	Brass	
OWJW00030_SHINY SILVER	SNAKE RING	color:shiny silver	Womens black and gold-tone brass snake ring,Green crystal eyes,"Size 2: 52","Size 3: 54"	Composition:Main material:100% brass,Care:Cleaning:"Clean you jewellery with a soft, dry cloth",Care:Handling:"Avoid contact with water and chemicals (fragrance, cosmetics, chlorine, hydroalcoholic gel)",Care:Handling:Protect your jewellery from humidity and any source of heat,Care:Handling:Avoid sleeping with your jewellery on,Care:Handling:Store your jewellery in its protective pouch	Brass	
OWJW00050_SHINY GOLD	DOUBLE SNAKE RING	color:shiny gold	Women's grooved gold-tone brass snake ring,Green crystal eyes	Composition:Main material:100% brass	Brass	
OWJW00050_SHINY SILVER	DOUBLE SNAKE RING	color:shiny silver	Women's grooved gold-tone brass snake ring,Green crystal eyes	Composition:Main material:100% brass	Brass	
OWJW00033_SHINY GOLD	SNAKE BRACELET	color:shiny gold	Women's silver-tone brass snake bracelet,Green crystal eyes	Composition:Main material:100% brass	Brass	
OWJW00033_SHINY SILVER	SNAKE BRACELET	color:shiny silver	Women's silver-tone brass snake bracelet,Green crystal eyes	Composition:Main material:100% brass	Brass	
OWJW01751_FLASH	ROCK LEATHER BRACELET	color:flash	Women's double wrap bracelet in croc-embossed leather,Reversible with a grained leather interior,"Holes, keeper, and buckle with silver signature metal wings",Can be worn as a bracelet or necklace	Dimensions:Length:39.5 cm,Composition:Main material:100% calfskin,Care:Cleaning:"Clean you jewellery with a soft, dry cloth",Care:Handling:"Avoid contact with water and chemicals (fragrance, cosmetics, chlorine, hydroalcoholic gel)",Care:Handling:Protect your jewellery from humidity and any source of heat,Care:Handling:Avoid sleeping with your jewellery on,Care:Handling:Store your jewellery in its protective pouch	Calfskin	
OWSC01548_DENIM	LIZ DENIM MONOGRAM SCARF	color:denim	Large scarf,ZV monogram jacquard,Denim effect	Dimensions:Measurements:135 x 135 cm,Composition:Main material:"60% viscose, 40% modal",Care:Washing:Hand-wash or machine-wash inside out in a mesh laundry bag on a 20°C delicate cycle with a maximum spin speed of 400 rpm,Care:Drying:Air dry flat,Care:Ironing:Iron inside out at a maximum of 110°C	Viscose/Modal	
OWJW01774_MATT SILVER	ROCK FEATHER CHAIN EARRINGS	color:matt silver	Earrings,Two-tone crystal-set wings	Composition:Main material:100% brass,Care:Cleaning:"Clean you jewellery with a soft, dry cloth",Care:Handling:"Avoid contact with water and chemicals (fragrance, cosmetics, chlorine, hydroalcoholic gel)",Care:Handling:Protect your jewellery from humidity and any source of heat,Care:Handling:Avoid sleeping with your jewellery on,Care:Handling:Store your jewellery in its protective pouch	Brass	
OWSC01492_STREET	GLENN METALLIC MONOGRAM SCARF	color:street	Scarf,Jacquard monogram,Metallic threads,Fringed edges	Dimensions:Measurements:135 x 135 cm,General:Made in:Italy,Composition:Main material:"53% modal, 29% viscose, 12% acrylic, 4% wool, 2% metallic polyester",Care:Washing:Hand-wash or machine-wash inside out in a mesh laundry bag on a 20°C delicate cycle with a maximum spin speed of 400 rpm,Care:Drying:Air dry flat,Care:Ironing:Iron inside out at a maximum of 110°C	Modal/Viscose/Acrylic	
OWSC01536_FLASH	BLONDIE DENIM BANDANA SCARF 85	color:flash	100% silk scarf,Bandana patchwork print	Dimensions:Measurements:85 x 85 cm,Composition:Main material:100% silk,Care:Washing:Hand-wash or machine-wash inside out in a mesh laundry bag on a 20°C delicate cycle with a maximum spin speed of 400 rpm,Care:Drying:Air dry flat,Care:Ironing:Iron inside out at a maximum of 110°C	Silk	
OWSC01526_BLACK	NUAGE SCARF	color:black	Cashmere and wool scarf,Printed logo	Dimensions:Measurements:200 x 80 cm,Composition:Main material:"52% cashmere, 48% wool",Care:Washing:Hand-wash or machine-wash on a 20°C wool cycle with a maximum spin speed of 400 rpm; Do not wring,Care:Drying:Air dry flat,Care:Ironing:"Iron inside out at a maximum of 110°C, avoiding any customised details"	Cashmere/Wool	
OWSC01555_DARK GREY	LUCY THIN SCARF	color:dark grey	Wool and cashmere scarf,Rhinestones on the triangular tips,ZV logo	Dimensions:Measurements:180 x 27 cm,Composition:Main material:"90% wool, 10% cashmere",Care:Washing:Hand-wash or machine-wash inside out in a mesh laundry bag on a 20°C delicate cycle with a maximum spin speed of 400 rpm,Care:Drying:Air dry flat,Care:Ironing:Iron inside out at a maximum of 110°C	Wool/Cashmere	
OWSC01555_BLACK	LUCY THIN SCARF	color:black	Wool and cashmere scarf,Rhinestones on the triangular tips,ZV logo	Dimensions:Measurements:180 x 27 cm,Composition:Main material:"90% wool, 10% cashmere",Care:Washing:Hand-wash or machine-wash inside out in a mesh laundry bag on a 20°C delicate cycle with a maximum spin speed of 400 rpm,Care:Drying:Air dry flat,Care:Ironing:Iron inside out at a maximum of 110°C	Wool/Cashmere	
OWSC01528_SIXTINE	SCARF BLONDIE JUNGLE 85	color:sixtine	100% silk scarf,Jungle print,ZV logo	Dimensions:Measurements:85 x 85 cm,Composition:Main material:100% silk,Care:Washing:Hand-wash or machine-wash inside out in a mesh laundry bag on a 20°C delicate cycle with a maximum spin speed of 400 rpm,Care:Drying:Air dry flat,Care:Ironing:Iron inside out at a maximum of 110°C	Silk	
OWSC01504_FIERCE	DEBBIE 85 SCARF	color:fierce	Square scarf in mixed silk,Bandana print,85 cm	General:Made in:Italy,Composition:Main material:"65% viscose, 35% silk",Sustainability:Responsible sourcing:Viscose fibers from sustainably managed forests,Care:Washing:Hand-wash or machine-wash inside out in a mesh laundry bag on a 20°C delicate cycle with a maximum spin speed of 400 rpm,Care:Drying:Air dry flat,Care:Ironing:Iron inside out at a maximum of 110°C	Viscose/Silk	
OWSC01504_BLACK	DEBBIE 85 SCARF	color:black	Square scarf in mixed silk,Bandana print,85 cm	General:Made in:Italy,Composition:Main material:"65% viscose, 35% silk",Sustainability:Responsible sourcing:Viscose fibers from sustainably managed forests,Care:Washing:Hand-wash or machine-wash inside out in a mesh laundry bag on a 20°C delicate cycle with a maximum spin speed of 400 rpm,Care:Drying:Air dry flat,Care:Ironing:Iron inside out at a maximum of 110°C	Viscose/Silk	
LWBT01360_BLACK	ZV REVERSIBLE 30MM BELT	color:black	Reversible grained leather belt,30 mm width,Curved ZV buckle	Dimensions:Measurements:90 x 3 cm,Composition:Main material:100% cow leather,Care:Handling:"Protect your leather item from humidity and any source of heat (radiator, sun)"	Cow leather	
LWBT01361_COGNAC	ZV REVERSIBLE 30MM BELT	color:cognac	Reversible leather belt,Suede on one side and smooth leather on the other,Curved ZV buckle,30mm width,Adjustable	Dimensions:Measurements:90 x 3 cm,Composition:Main material:100% cow leather,Care:Handling:"Protect your leather item from humidity and any source of heat (radiator, sun)"	Cow leather	
LWBT01365_BRANDY	ROCK REVERSIBLE 30MM BELT	color:brandy	Reversible leather belt,Smooth leather on one side and leopard-effect leather on the other,30mm width,Signature wings buckle,Adjustable belt	Dimensions:Measurements:90 x 3 cm,Composition:Main material:100% cow leather,Care:Handling:"Protect your leather item from humidity and any source of heat (radiator, sun)"	Cow leather	
LWBT01355_RELAX	ROCK REVERSIBLE 30MM BELT	color:relax	Suede leather belt,Reversible,Signature wings buckle	Dimensions:Measurements:90 x 3 cm,Composition:Main material:100% cow leather,Care:Handling:"Protect your leather item from humidity and any source of heat (radiator, sun)",Care:Handling:Avoid your item coming into contact with water,Care:Handling:Ensure you wear your item with similar colours,Care:Handling:Avoid overfilling your bag to ensure its durability,Care:Cleaning:"Regularly care for your leather item using a colourless nourishing cream for leather, suitable for leather goods",Care:Cleaning:"In case of stains, contact a leather professional"	Cow leather	
LWBT01364_BLACK	JIM BELT 25MM	color:black	Grained leather belt,25mm width Wings signature on the buckle	Dimensions:Measurements:90 x 2.5 cm,Composition:Main material:100% cow leather,Care:Handling:"Protect your leather item from humidity and any source of heat (radiator, sun)"	Cow leather	
LWBT00001_BLACK	STARLIGHT BELT	color:black	Women's gray studded leather belt,Silver adjustable buckle,Round and star-shaped studs	General:Made in:France,Composition:Main material:100% leather	Leather	
LWBT01354_BLACK	STARLIGHT EYELETS BELT	color:black	Leather belt,Embellished with eyelets and studs,Adjustable belt with 5 holes,Wings signature	Dimensions:Width:35 mm,Dimensions:Measurements:90 x 3.5 cm,Composition:Main material:100% calf leather,Care:Handling:"Protect your leather item from humidity and any source of heat (radiator, sun)",Care:Handling:Avoid your item coming into contact with water,Care:Handling:Ensure you wear your item with similar colours,Care:Handling:Avoid overfilling your bag to ensure its durability,Care:Cleaning:"Regularly care for your leather item using a colourless nourishing cream for leather, suitable for leather goods",Care:Cleaning:"In case of stains, contact a leather professional"	Calf leather	
LWBT01337_BLACK	RISE BELT	color:black	Women's smooth black leather belt,Gold-tone buckle with signature wings,Adjustable belt with 5 holes	Dimensions:Width:3.5 cm,General:Made in:France,Composition:Main material:100% cow leather,Care:Handling:"Protect your leather item from humidity and any source of heat (radiator, sun)",Care:Handling:Avoid your item coming into contact with water,Care:Handling:Ensure you wear your item with similar colours,Care:Handling:Avoid overfilling your bag to ensure its durability,Care:Cleaning:"Regularly care for your leather item using a colourless nourishing cream for leather, suitable for leather goods",Care:Cleaning:"In case of stains, contact a leather professional"	Cow leather	
LWBT00307_FLASH	RISE BELT	color:flash	Women's belt in Bonny brown embossed faux crocodile glossy leather,Buckle decorated with signature golden wings,Adjustable 5-hole belt	Dimensions:Width:2 cm,General:Made in:France,Composition:Main material:100% cow leather,Care:Handling:"Protect your leather item from humidity and any source of heat (radiator, sun); Avoid your item coming into contact with water",Care:Cleaning:"Regularly care for your leather item using a colourless nourishing cream for leather, suitable for leather goods",Care:Cleaning:"In case of stains, contact a leather professional"	Cow leather	
LWBT01353_BLACK	JIMI 25MM BELT	color:black	Black leather - pebbled texture - logo-plaque buckle - wings motif - gold-tone hardware - adjustable fit - square tip,Total	Dimensions:Width:2 cm,Dimensions:Length:102 cm		
LWBT00303_GOLD	LA CECILIA OBSESSION BELT	color:gold	Women's adjustable gold and silver braided crinkled leather belt,Gold-tone fine metal C buckle and panels	Dimensions:Width:3.5 cm,General:Made in:India,Composition:Main material:100% calfskin,Care:Handling:"Protect your leather item from humidity and any source of heat (radiator, sun); Avoid your item coming into contact with water",Care:Cleaning:"Regularly care for your leather item using a colourless nourishing cream for leather, suitable for leather goods",Care:Cleaning:"In case of stains, contact a leather professional"	Calfskin	
PWPF00010_WHITE	TOME 1 LA PURETE 50ML	color:white				
PWPF00103_WHITE	PARFUM ZADIG 90ML	color:white				accessory:id:PWPF00104_WHITE
PWPF00102_WHITE	PARFUM ZADIG 50ML	color:white				accessory:id:PWPF00104_WHITE
PWPF00101_WHITE	PARFUM ZADIG 30ML	color:white				accessory:id:PWPF00104_WHITE
OWHT01162_FLASH	NEW ERA X ZV VELVET TENNIS CAP	color:flash	Corduroy cap,ZV logo embroidery,Curved visor,Adjustable at the back	Composition:Main material:100% cotton,Care:Cleaning:We recommend professional dry cleaning	Cotton	
PWPF00104_WHITE	ZADIG PERFUME REFILL 150 ML	color:white				
OWHT01165_SILENT	NEW ERA X ZV BLASON CAP	color:silent	100% cotton cap,Embroidered blason,Flat visor,Adjustable closure at the back,ZV logo	Composition:Main material:100% cotton,Care:Cleaning:We recommend professional dry cleaning	Cotton	
OWBN00001_LIGHT GREY	BENY BEANIE	color:light grey	"Wool, cashmere and silk beanie",Silver-tone skull rivet detail on top,ZV logo,Can be worn loose or with a turn-up	Composition:Main material:"90% wool, 5% cashmere, 5% silk",Care:Washing:Hand-wash or machine-wash on a 20°C wool cycle with a maximum spin speed of 400 rpm,Care:Handling:Do not twist,Care:Drying:Air dry flat,Care:Ironing:"Iron inside out at a maximum of 110°C, avoiding any customised details"	Wool/Cashmere/Silk	
OWHT01158_BLACK	NEW ERA X ZV ZADIG CAP	color:black	Cotton cap,Zadig embroidery,New Era label and embroidered logo,Adjustable strap	Composition:Main material:100% cotton	Cotton	
OWBN00001_BLACK	BENY BEANIE	color:black	"Wool, cashmere and silk beanie",Silver-tone skull rivet detail on top,ZV logo,Can be worn loose or with a turn-up	Composition:Main material:"90% wool, 5% cashmere, 5% silk",Care:Washing:Hand-wash or machine-wash on a 20°C wool cycle with a maximum spin speed of 400 rpm,Care:Handling:Do not twist,Care:Drying:Air dry flat,Care:Ironing:"Iron inside out at a maximum of 110°C, avoiding any customised details"	Wool/Cashmere/Silk	
OWHT00142_ROAD GREY	NEW ERA CAP	color:road grey	Road dark grey cotton baseball cap,Label and embroidered New Era logo,Adjustable strap	Composition:Main material:100% cotton	Cotton	
OWHT00141_ROAD GREY	BOB NEW ERA	color:road grey		Composition:Main material:100% cotton	Cotton	
OWHT01157_DARK BLUE	NEW ERA X ZV ZADIG CAP	color:dark blue	Cap,Stripes,Adjustable closure at the back,Zadig embroidery	Composition:Main material:100% polyester	Polyester	
OWHT01159_LIGHT BLUE	NEW ERAXZV -DENIM VOLTAIRE CAP	color:light blue	Denim cap,Voltaire embroidery,New Era embroidered label and logo,Adjustable strap	Composition:Main material:100% cotton	Cotton	
OWHT01152_COGNAC	NEW ERA ZV DENIM CAP	color:cognac	Cap in 100% cotton denim with washed effect,Voltaire embroidery,New Era label and embroidered logo,Adjustable strap	Composition:Main material:100% cotton	Cotton	
OWHT01147_HERITAGE	NEW ERA VELVET CAP	color:heritage	Brown Heritage cotton cap for women,Embroidered New Era logo on the side,Adjustable strap at the back	Composition:Main material:100% polyester	Polyester	
OWLI00024_GREY	BOOK:ZADIG&VOLTAIRE	color:grey	English version,Published by Rizzoli,"Date of publication: October 2023",Hardback,320 pages,"Dimensions: 220 x 305 mm"	Composition:Main material:100% paper	Paper	
OWLI00002_BLACK	THE WRITE STUFF NOTEBOOK	color:black	Black notebook 190 pages,Paper lined pages with bookmark,"Dimensions : 21 x 14,8 cm"	Dimensions:Measurements:14.8 x 21 cm,Composition:Main material:100% paper	Paper	
OWLI00016_BLACK	BOTTLE OF LOVE GOURD	color:black	Black contrasting glass water bottle with black silicone case,Gold-plated steel lid,550 ML 22 cm	Dimensions:Diameter:6.5 cm,Composition:Main material:100% glass	Glass	
OWLI00013_BLACK	CUP OF JOY MUG	color:black	Black ceramic mug,Lid,400 ML	Dimensions:Diameter:7.5 cm,Composition:Main material:100% ceramic,Care:Washing:"Dishwasher safe; To preserve the gold lettering, we recommend washing by hand"	Ceramic	
OWLI00031_BLACK	HAPPINESS FLAMES CANDLE	color:black	3 black steel candles,Embossed wings signature,Come with a Zadig&Voltaire box,"Burning time: 14 hours","Fragrance made in France, in Grasse"	Composition:Main material:100% steel	Steel	
OWLI00017_BLACK	MADE IN HEAVEN MATCHES	color:black	Black wooden matchbox,45 safety matches	Dimensions:Measurements:11 x 6.4 cm,Composition:Main material:100% wood	Wood	
OWLI00008_BLACK	ROCK AND ROLL THE DICE MAT	color:black	Black grained leather games mat,Game with 3 gold-tone dice	Dimensions:Measurements:26 x 26 cm,Composition:Main material:100% cow leather	Cow leather	
OWLI00010_OLD GOLD	HOT MESS BOWL	color:old gold		Dimensions:Measurements:10 x 10 cm,Composition:Main material:100% brass	Brass	
OWLI00003_BLACK	PLAY WITH ME CARD GAME	color:black	Black card game of 54 cards,Gold and silver cards and Joker with wings motif	Dimensions:Measurements:9 x 6.5 cm,Composition:Main material:100% paper	Paper	
OWLI00009_OLD GOLD	MIND OPENER BOTTLE OPENER	color:old gold		Dimensions:Measurements:12 x 7 cm,Composition:Main material:100% brass	Brass	
OWLI00015_OLD GOLD	LOVE YOURSELF MIRROR	color:old gold	Double-sided Old Gold metal pocket mirror with standard mirror above and magnifying mirror below,Flip lid,Signature and raised wings motif on lid	Dimensions:Measurements:7.5 x 7.5 cm,Composition:Main material:100% zinc	Zinc	
LWOG03817_BLACK	Z TRAVEL TAG LUGGAGE TAG	color:black	Coated canvas luggage tag,ZV monogram print,Buckle closure,Identification card slot	Dimensions:Measurements:5 x 27 cm,Composition:Main material:"67% polyurethane, 33% polyester",Composition:Secondary material:100% cow leather,Sustainability:Recycled content:Recycled polyester fibers,Care:Handling:Avoid contact with liquids,Care:Handling:"Keep away from direct sunlight, heat and rain",Care:Handling:"If it gets wet, dry it immediately with a soft cloth",Care:Handling:Never use soap or solvents,Care:Cleaning:"Store it in the case supplied at the time of purchase To clean it, use a soft, dry cloth"	Polyurethane/Polyester	
OWLI01099_BLACK	MITY	color:black				
LWOG03817_FLASH	Z TRAVEL TAG LUGGAGE TAG	color:flash	Coated canvas luggage tag,ZV monogram print,Buckle closure,Identification card slot	Dimensions:Measurements:5 x 27 cm,Composition:Main material:"67% polyurethane, 33% polyester",Composition:Secondary material:100% cow leather,Sustainability:Recycled content:Recycled polyester fibers,Care:Handling:Avoid contact with liquids,Care:Handling:"Keep away from direct sunlight, heat and rain",Care:Handling:"If it gets wet, dry it immediately with a soft cloth",Care:Handling:Never use soap or solvents,Care:Cleaning:"Store it in the case supplied at the time of purchase To clean it, use a soft, dry cloth"	Polyurethane/Polyester	
LWCS00008_POWER	ZADOG BANDANA	color:power	Cotton bandana for dogs,Signature print,"Neck circumference: up to 41 cm"	Dimensions:Measurements:29 x 54 cm,Composition:Main material:100% cotton,Care:Washing:Machine-wash inside out on a 30°C delicate cycle with similar colours,Care:Ironing:"Iron inside out at a maximum of 110°C, avoiding any customised details"	Cotton	
LWSC00004_BLACK	ZADOG COLLAR	color:black	Vintage-effect leather dog collar,Signature print,Keeper to adjust size	Composition:Main material:100% cow leather,Care:Handling:"Protect your leather item from humidity and any source of heat (radiator, sun)",Care:Handling:Avoid your item coming into contact with water,Care:Handling:Ensure you wear your item with similar colours,Care:Handling:Avoid overfilling your bag to ensure its durability,Care:Cleaning:"Regularly care for your leather item using a colourless nourishing cream for leather, suitable for leather goods",Care:Cleaning:"In case of stains, contact a leather professional"	Cow leather	
LWSC00005_BLACK	ZADOG LEAD	color:black	Dog lead in vintage-effect leather,Signature print	Dimensions:Measurements:119 x 1.5 cm,Composition:Main material:100% cow leather,Care:Handling:"Protect your leather item from humidity and any source of heat (radiator, sun)",Care:Handling:Avoid your item coming into contact with water,Care:Handling:Ensure you wear your item with similar colours,Care:Handling:Avoid overfilling your bag to ensure its durability,Care:Cleaning:"Regularly care for your leather item using a colourless nourishing cream for leather, suitable for leather goods",Care:Cleaning:"In case of stains, contact a leather professional"	Cow leather	
LWSC00006_BLACK	ZADOG HARNESS	color:black	Dog harness in vintage-effect leather,Signature print,"Size 1: chest circumference 41 to 46 cm","Size 2: chest circumference 50 to 58 cm"	Composition:Main material:100% cow leather,Care:Handling:"Protect your leather item from humidity and any source of heat (radiator, sun)",Care:Handling:Avoid your item coming into contact with water,Care:Handling:Ensure you wear your item with similar colours,Care:Handling:Avoid overfilling your bag to ensure its durability,Care:Cleaning:"Regularly care for your leather item using a colourless nourishing cream for leather, suitable for leather goods",Care:Cleaning:"In case of stains, contact a leather professional"	Cow leather	
LWSC00007_BLACK	ZADOG BAG	color:black	Dog bag case in vintage effect leather,Signature print	Composition:Main material:100% cow leather,Care:Handling:"Protect your leather item from humidity and any source of heat (radiator, sun)",Care:Handling:Avoid your item coming into contact with water,Care:Handling:Ensure you wear your item with similar colours,Care:Handling:Avoid overfilling your bag to ensure its durability,Care:Cleaning:"Regularly care for your leather item using a colourless nourishing cream for leather, suitable for leather goods",Care:Cleaning:"In case of stains, contact a leather professional"	Cow leather	
KWAK00007_BLACK	ZADOG JUMPER 100% MERINO WOOL	color:black	Dog jumper in 100% merino wool,Jacquard pattern,Rock&Roll intarsia lettering	Composition:Main material:100% merino wool,Care:Washing:Hand-wash or machine-wash on a 20°C wool cycle with a maximum spin speed of 400 rpm; Do not wring,Care:Drying:Air dry flat,Care:Ironing:"Iron inside out at a maximum of 110°C, avoiding any customised details"	Merino wool	
KWAK00007_ERABLE	ZADOG JUMPER 100% MERINO WOOL	color:erable	Dog jumper in 100% merino wool,Jacquard pattern,Rock&Roll intarsia lettering	Composition:Main material:100% merino wool,Care:Washing:Hand-wash or machine-wash on a 20°C wool cycle with a maximum spin speed of 400 rpm; Do not wring,Care:Drying:Air dry flat,Care:Ironing:"Iron inside out at a maximum of 110°C, avoiding any customised details"	Merino wool	
LWSG03820_BLACK	MINI ZV SOFT WILD COIN WALLET	color:black	Python-effect leather coin purse,Zip fastening,2 gussets Wings signature,11 cm	Composition:Main material:100% cow leather,Care:Handling:"Protect your leather item from humidity and any source of heat (radiator, sun)"	Cow leather	
LWSG03821_BLACK	ZV CARD SOFT WILD CARD HOLDER	color:black	Leather card holder,Python effect,4 card slots,One flat pocket and one zipped pocket Wings signature,13.5 cm	Composition:Main material:100% cow leather,Care:Handling:"Protect your leather item from humidity and any source of heat (radiator, sun)"	Cow leather	
LWSG03822_BLACK	ZV PASS SOFT WILD CARD HOLDER	color:black	Python-effect leather card holder,2 card slots on the back and 1 pocket in the middle,Rhinestone-embellished wings signature,Card slots,10.5 cm	Composition:Main material:100% cow leather,Care:Handling:"Protect your leather item from humidity and any source of heat (radiator, sun)"	Cow leather	
LWSG03664_COGNAC	ZV CARD WALLET	color:cognac	Western quilted patterns,Zip closure,4 card slots,One flat pocket and one zipped pocket,Signature wings	Dimensions:Measurements:13.5 x 8 cm,Composition:Main material:100% cow leather,Care:Handling:Lambskin is extremely fragile and deserves to be treated with delicacy,Care:Handling:"Protect your leather item from humidity and any source of heat (radiator, sun)",Care:Handling:Avoid your item coming into contact with water,Care:Handling:Ensure you wear your item with similar colours,Care:Handling:Avoid overfilling your bag to ensure its durability,Care:Cleaning:"Regularly care for your leather item using a colourless nourishing cream for leather, suitable for leather goods",Care:Cleaning:"In case of stains, contact a leather professional"	Cow leather	
OWWT00008_STRASS ORANGE	ZADIG WINGS WATCH	color:strass orange	Stainless steel watch,"Round case , gold dial with gold wings",Quartz movement,"Functions: hour/minute",Water resistant to 5 bar,Steel bracelet	Dimensions:Diameter:33 mm,Composition:Main material:100% steel,Care:Cleaning:"Clean you jewellery with a soft, dry cloth",Care:Handling:"Avoid contact with water and chemicals (fragrance, cosmetics, chlorine, hydroalcoholic gel)",Care:Handling:Protect your jewellery from humidity and any source of heat,Care:Handling:Avoid sleeping with your jewellery on Store your jewellery in its protective pouch	Steel	
OWWT00008_FLAME	ZADIG WINGS WATCH	color:flame	Stainless steel watch,"Round case , gold dial with gold wings",Quartz movement,"Functions: hour/minute",Water resistant to 5 bar,Steel bracelet	Dimensions:Diameter:33 mm,Composition:Main material:100% steel,Care:Cleaning:"Clean you jewellery with a soft, dry cloth",Care:Handling:"Avoid contact with water and chemicals (fragrance, cosmetics, chlorine, hydroalcoholic gel)",Care:Handling:Protect your jewellery from humidity and any source of heat,Care:Handling:Avoid sleeping with your jewellery on Store your jewellery in its protective pouch	Steel	
OWWT00008_KAKI	ZADIG WINGS WATCH	color:kaki	Stainless steel watch,"Round case , gold dial with gold wings",Quartz movement,"Functions: hour/minute",Water resistant to 5 bar,Steel bracelet	Dimensions:Diameter:33 mm,Composition:Main material:100% steel,Care:Cleaning:"Clean you jewellery with a soft, dry cloth",Care:Handling:"Avoid contact with water and chemicals (fragrance, cosmetics, chlorine, hydroalcoholic gel)",Care:Handling:Protect your jewellery from humidity and any source of heat,Care:Handling:Avoid sleeping with your jewellery on Store your jewellery in its protective pouch	Steel	
OWWT00008_NAVY	ZADIG WINGS WATCH	color:navy	Stainless steel watch,"Round case , gold dial with gold wings",Quartz movement,"Functions: hour/minute",Water resistant to 5 bar,Steel bracelet	Dimensions:Diameter:33 mm,Composition:Main material:100% steel,Care:Cleaning:"Clean you jewellery with a soft, dry cloth",Care:Handling:"Avoid contact with water and chemicals (fragrance, cosmetics, chlorine, hydroalcoholic gel)",Care:Handling:Protect your jewellery from humidity and any source of heat,Care:Handling:Avoid sleeping with your jewellery on Store your jewellery in its protective pouch	Steel	
OWWT00129_GOLD	ZADIG SMALL WATCH	color:gold	Stainless steel watch,"Round case , silver dial with gold wings",Quartz movement,"Functions: hour/minute",Water resistant to 5 bar,Steel bracelet	Dimensions:Diameter:30 mm,Composition:Main material:100% steel,Care:Cleaning:"Clean you jewellery with a soft, dry cloth",Care:Handling:"Avoid contact with water and chemicals (fragrance, cosmetics, chlorine, hydroalcoholic gel)",Care:Handling:Protect your jewellery from humidity and any source of heat,Care:Handling:Avoid sleeping with your jewellery on Store your jewellery in its protective pouch	Steel	
OWWT00129_ELECTRIC	ZADIG SMALL WATCH	color:electric	Stainless steel watch,"Round case , silver dial with gold wings",Quartz movement,"Functions: hour/minute",Water resistant to 5 bar,Steel bracelet	Dimensions:Diameter:30 mm,Composition:Main material:100% steel,Care:Cleaning:"Clean you jewellery with a soft, dry cloth",Care:Handling:"Avoid contact with water and chemicals (fragrance, cosmetics, chlorine, hydroalcoholic gel)",Care:Handling:Protect your jewellery from humidity and any source of heat,Care:Handling:Avoid sleeping with your jewellery on Store your jewellery in its protective pouch	Steel	
OWWT00007_SILVER	TIMELESS WINGS GLITTER WATCH	color:silver	Unisex stainless steel watch,Dial with blue rhinestone wing pattern,Quartz movement,"Functions: hour/minute",Water-resistant to 3 bar,Steel bracelet,Round case	Dimensions:Diameter:36 mm,Composition:Main material:100% steel,Care:Cleaning:"Clean you jewellery with a soft, dry cloth",Care:Handling:"Avoid contact with water and chemicals (fragrance, cosmetics, chlorine, hydroalcoholic gel)",Care:Handling:Protect your jewellery from humidity and any source of heat,Care:Handling:Avoid sleeping with your jewellery on Store your jewellery in its protective pouch	Steel	
OWWT00018_GOLD	ZADIG GOLD WINGS WATCH	color:gold		Dimensions:Diameter:33 mm,Composition:Main material:100% steel,Care:Cleaning:"Clean you jewellery with a soft, dry cloth",Care:Handling:"Avoid contact with water and chemicals (fragrance, cosmetics, chlorine, hydroalcoholic gel)",Care:Handling:Protect your jewellery from humidity and any source of heat,Care:Handling:Avoid sleeping with your jewellery on Store your jewellery in its protective pouch	Steel	
OWWT00130_SILVER	VOLTAIRE R&R WATCH	color:silver				
OWWT00131_KAKI	VOLTAIRE WINGS WATCH	color:kaki	Stainless steel watch,Khaki dial with gold signature wings,Quartz movement,"Functions: hours/minutes",Water-resistant to 5 bar Stainless steel Milanese mesh bracelet,"Rectangular case, 22 x 24 mm"	Composition:Main material:100% steel,Care:Handling:"To extend the life of your jewellery, we recommend taking care of it and handling it with caution",Care:Handling:"Avoid contact with water and chemical products (perfume, cosmetics, chlorine, hand sanitiser)",Care:Handling:Protect your item from moisture and any heat sources,Care:Handling:"Avoid wearing your jewellery at the beach, at the pool or during sports to prevent shocks and scratches",Care:Handling:Store your jewellery in its pouch,Care:Cleaning:"Clean your jewellery with a soft, dry cloth"	Steel	
OWWT00091_DARK BLUE	TIME2LOVE WATCH	color:dark blue	Women's stainless steel blue Ink watch,Face with wings pattern,Contrasting rhinestone,Quartz movement,Hour/minute/second functions,Steel watchband	General:Made in:Switzerland,Composition:Main material:100% steel	Steel	
OWWT00090_SMILE	TIME2LOVE WATCH	color:smile	Women's stainless steel watch,Silver grey face with signature patterns,Contrasting rhinestone,Quartz movement,Hour/minute/second functions,Steel watchband 100% STEEL			
OWWT00094_KISS	TIME2LOVE WATCH	color:kiss	Women's stainless steel watch,Matte green Legend face with signature patterns,Contrasting rhinestone,Quartz movement,Hour/minute/second functions,Steel watchband 100% STEEL			
LWSG03789_BLACK	ZV MULTIPASS WALLET	color:black	Smooth leather card holder,"Three card slots: one front, one inside, one back",V cut-out and Zadig&Voltaire signature	Dimensions:Measurements:10 x 6 cm,Composition:Main material:100% cow leather,Care:Handling:"Protect your leather item from humidity and any source of heat (radiator, sun); Avoid your item coming into contact with water",Care:Cleaning:"Regularly care for your leather item using a colourless nourishing cream for leather, suitable for leather goods",Care:Cleaning:"In case of stains, contact a leather professional"	Cow leather	
SMSN00093_BLACK	WINGS LOW-TOP MEN TRAINERS	color:black	Men's black and white lace-up low-top sneakers,"Smooth leather mix, contrasting inserts in smooth and vintage leather, fluffy laces","Stitching, star cut-outs and embossed wing signatures",Bicolour sole with wings signature and ZADIG&VOLTAIRE logo,Insole,"Sold with 2 pairs of tonal laces: fluffy on the pair and classic in the box"	Fit:Sizing advice:We recommend buying your usual size,Dimensions:Height:1.7 cm,Sustainability:Responsible sourcing:100% of the leather comes from tanneries certified by the Leather Working Group (LWG),Sustainability:Responsible sourcing:"100% of the textiles (laces, lining, label) and sewing threads include recycled or organic fibers",Composition:Main material:100% calf leather,Care:Handling:"Protect your leather item from moisture and any heat source (radiator, sunlight); Avoid any contact of your item with water"	Calf leather	
WJAB4023H_BLACK	ZV INITIALE NOAM CARD	color:black				
SMSN00095_POWER	WINGS HIGH-TOP MEN TRAINERS	color:power	High-top white and red lace-up men's trainers,"Blend of smooth leather, contrasting vintage leather panels, fluffy laces","Stitching, star cut-outs and embossed wing signatures",Bicolour sole with wing signature and ZADIG&VOLTAIRE logo,Inner sole,"Sold with 2 pairs of tonal laces: fluffy on the pair and classic in the box",Come with a unique dustbag made from Zadig&Voltaire archive fabrics in an insertion workshop near the shoe production site	Fit:Sizing advice:We recommend buying your usual size,Dimensions:Height:1.7 cm,Sustainability:Responsible sourcing:100% of the leather comes from tanneries certified by the Leather Working Group (LWG),Sustainability:Responsible sourcing:"100% of the textiles (laces, lining, label) and sewing threads include recycled or organic fibers",Composition:Main material:100% calf leather,Care:Handling:"Protect your leather item from moisture and any heat source (radiator, sunlight); Avoid any contact of your item with water"	Calf leather	
OMHT01132_BLACK	NEW ERA X ZV ZADIG CAP	color:black	Cap in 100% cotton,Embroidered logo	Composition:Main material:100% cotton	Cotton	
WMOW01418_TREILLIS	BOYE COAT	color:treillis	Parka in 100% coated cotton,Classic contrasting velvet collar,Button closure,Wing jacron patch on the back,Patch pockets and piped pockets,Long sleeves	Fit:Model height:188 cm,Fit:Model wears size:M,Fit:Sizing advice:This item fits to size. Choose your usual size,Composition:Main material:100% cotton,Sustainability:Organic content:Cotton fibers from organic farming,Care:Cleaning:This garment should be dry-cleaned only	Cotton	
WMOW01424_LIGHT BLUE	BASES DENIM JACKT	color:light blue	Denim jacket,ZV embroidery at back,Classic collar,Button fastening,Patch pockets with flap,Long sleeves is wearing a size M	Fit:Model height:188 cm,Fit:Sizing advice:This item fits 1 to size. Choose your usual size,Composition:Main material:100% cotton,Care:Cleaning:This garment should be dry-cleaned only	Cotton	
RMOW01136_KAKI CANVAS	LOUMY SUEDE LEATHER JACKET	color:kaki canvas	Suede leather jacket,Classic collar,Zip fastening,Piped pockets,Long sleeves,Embossed wings signature on the back	Fit:Model height:188 cm,Fit:Model wears size:M,Fit:Sizing advice:This item fits to size. Choose your usual size,Composition:Main material:100% goatskin,Care:Cleaning:This garment should be cared for by a leather professional	Goatskin	
RMOW01125_MOSS	BASE SUEDE JACKET	color:moss	Suede leather jacket,Embossed wings on the back,Classic collar,Long sleeves,Button fastening,2 flap chest pockets and 2 welt pockets	Fit:Model height:187 cm,Fit:Model wears size:M,Fit:Sizing advice:We recommend buying your usual size,Composition:Main material:100% goatskin,Care:Cleaning:This garment should be cared for by a leather professional	Goatskin	
RMOW01125_DARK CHOCOLATE	BASE SUEDE JACKET	color:dark chocolate	Suede leather jacket,Embossed wings on the back,Classic collar,Long sleeves,Button fastening,2 flap chest pockets and 2 welt pockets	Fit:Model height:187 cm,Fit:Model wears size:M,Fit:Sizing advice:We recommend buying your usual size,Composition:Main material:100% goatskin,Care:Cleaning:This garment should be cared for by a leather professional	Goatskin	
WMOW01420_BLACK	VENEZIA BLAZER 100% WOOL	color:black	Blazer in 100% wool,Classic collar,Single-breasted fastening,Patch pockets,Long sleeves,Signature ZV embroidery	Fit:Model height:188 cm,Fit:Model wears size:M,Fit:Sizing advice:This item fits to size. Choose your usual size,Composition:Main material:100% wool,Care:Cleaning:This garment should be dry-cleaned only	Wool	
WMSH01354_BLACK	SUZY OVER SHIRT	color:black	100% cotton shirt,Wings embroidery on the front pocket,Classic collar,Zip fastening,Patch pocket,Long sleeves is wearing a size M	Fit:Model height:188 cm,Fit:Sizing advice:This item fits 1 to size. Choose your usual size,Composition:Main material:100% cotton,Sustainability:Organic content:Cotton fibers from organic farming,Care:Washing:Machine-wash inside out on a 30°C delicate cycle with similar colours,Care:Ironing:"Iron inside out at a maximum of 150°C, or in case of customised details, at a maximum of 110°C avoiding the customised details"	Cotton	
WMBS01200_LIGHT BLUE	PERYS DENIM SHORTS	color:light blue	Knee-length wide-leg bermuda shorts,Worker style,Rivet details,Zip fastening,Patch pockets jean pockets and ticket pocket,Mid-rise waist is wearing a size M	Fit:Model height:187 cm,Fit:Sizing advice:This item fits to size. Choose your usual size,Composition:Main material:100% cotton,Care:Washing:Machine-wash inside out on a 30°C delicate cycle with similar colours,Care:Ironing:"Iron inside out at a maximum of 150°C, or in case of customised details, at a maximum of 110°C avoiding the customised details"	Cotton	
WMBS01065_USED KAKI	PALLY BERMUDA SHORTS	color:used kaki	Knee-length wide bermuda shorts,Western-inspired embroidery,"Elasticated waistband with drawstring, central button fastening and zip closure",2 patch pockets Choose your usual size	Fit:Model height:187 cm,Fit:Model wears size:M,Composition:Main material:100% cotton,Sustainability:Organic content:Fibers from organic farming,Care:Washing:Machine-wash inside out on a 30°C delicate cycle with similar colours,Care:Ironing:"Iron inside out at a maximum of 110°C, avoiding any customised details"	Cotton	
WMJE00003_MEDIUM BLUE	STEEVE JEANS	color:medium blue	Men's regular-fit jeans,Classic cut,Medium blue denim,Fitted legs,5 pockets,Button fly,Belt loops,Leather label on back	Fit:Model height:188 cm,Fit:Model wears size:30,Fit:Sizing advice:We recommend buying your usual size,Composition:Main material:"99% cotton, 1% elastane",Care:Washing:Machine-wash inside out on a 30°C delicate cycle with similar colours,Care:Ironing:"Iron inside out at a maximum of 150°C, or in case of customised details, at a maximum of 110°C avoiding the customised details"	Cotton/Elastane	
WMPA01222_LATTE	PERY PANTS	color:latte	100% cotton trousers,Workwear style with front patch,Zip fly,"Patch pockets, jeans-style pockets and ticket pocket",Mid-rise waist,Regular fit	Fit:Model height:187 cm,Fit:Model wears size:40,Fit:Sizing advice:This item fits to size. Choose your usual size,Composition:Main material:100% cotton,Sustainability:Organic content:Cotton fibers from organic farming,Care:Washing:Machine-wash inside out on a 30°C delicate cycle with similar colours,Care:Ironing:"Iron inside out at a maximum of 110°C, avoiding any customised details"	Cotton	
WMPA00182_BLACK	STEEVE CORDUROY PANTS	color:black	Slim-fit corduroy trousers with a worn effect for men,Zip and button fastening with belt loops at the waist,3 front pockets and 2 back pockets	Fit:Model height:184 cm,Fit:Model wears size:38,Composition:Main material:"98% cotton, 2% elastane",Sustainability:Organic content:Fibers from organic farming,Care:Washing:Machine-wash your trousers inside out using a liquid detergent and at a maximum of 30°C; Wash with similar colours,Care:Handling:The spin cycle speed should not exceed 100 rpm,Care:Ironing:Iron your trousers on a moderate heat	Cotton/Elastane	
WMPA00182_STORM	STEEVE CORDUROY PANTS	color:storm	Slim-fit corduroy trousers with a worn effect for men,Zip and button fastening with belt loops at the waist,3 front pockets and 2 back pockets	Fit:Model height:184 cm,Fit:Model wears size:38,Composition:Main material:"98% cotton, 2% elastane",Sustainability:Organic content:Fibers from organic farming,Care:Washing:Machine-wash your trousers inside out using a liquid detergent and at a maximum of 30°C; Wash with similar colours,Care:Handling:The spin cycle speed should not exceed 100 rpm,Care:Ironing:Iron your trousers on a moderate heat	Cotton/Elastane	
WMPA00182_GRANITE	STEEVE CORDUROY PANTS	color:granite	Slim-fit corduroy trousers with a worn effect for men,Zip and button fastening with belt loops at the waist,3 front pockets and 2 back pockets	Fit:Model height:184 cm,Fit:Model wears size:38,Composition:Main material:"98% cotton, 2% elastane",Sustainability:Organic content:Fibers from organic farming,Care:Washing:Machine-wash your trousers inside out using a liquid detergent and at a maximum of 30°C; Wash with similar colours,Care:Handling:The spin cycle speed should not exceed 100 rpm,Care:Ironing:Iron your trousers on a moderate heat	Cotton/Elastane	
WMPA00182_DARK BLUE	STEEVE CORDUROY PANTS	color:dark blue	Slim-fit corduroy trousers with a worn effect for men,Zip and button fastening with belt loops at the waist,3 front pockets and 2 back pockets	Fit:Model height:184 cm,Fit:Model wears size:38,Composition:Main material:"98% cotton, 2% elastane",Sustainability:Organic content:Fibers from organic farming,Care:Washing:Machine-wash your trousers inside out using a liquid detergent and at a maximum of 30°C; Wash with similar colours,Care:Handling:The spin cycle speed should not exceed 100 rpm,Care:Ironing:Iron your trousers on a moderate heat	Cotton/Elastane	
WMPA00182_LATTE	STEEVE CORDUROY PANTS	color:latte	Slim-fit corduroy trousers with a worn effect for men,Zip and button fastening with belt loops at the waist,3 front pockets and 2 back pockets	Fit:Model height:184 cm,Fit:Model wears size:38,Composition:Main material:"98% cotton, 2% elastane",Sustainability:Organic content:Fibers from organic farming,Care:Washing:Machine-wash your trousers inside out using a liquid detergent and at a maximum of 30°C; Wash with similar colours,Care:Handling:The spin cycle speed should not exceed 100 rpm,Care:Ironing:Iron your trousers on a moderate heat	Cotton/Elastane	
WMJE00009_BRUT	MICK JEANS	color:brut	Men's fitted jeans,Raw denim,Slim legs,5 pockets,Button fly,Belt loops	Fit:Model height:188 cm,Composition:Main material:"98% cotton, 2% elastane",Care:Washing:**fibers from organic farming Machine-wash your denim garments inside out at a maximum of 30,Care:Washing:"C with similar colours and using liquid detergent. However, we recommend wearing your jeans at least 10 time before washing them"	Cotton/Elastane	
WMPA00182_DARK CHOCOLATE	STEEVE CORDUROY PANTS	color:dark chocolate	Slim-fit corduroy trousers with a worn effect for men,Zip and button fastening with belt loops at the waist,3 front pockets and 2 back pockets	Fit:Model height:184 cm,Fit:Model wears size:38,Composition:Main material:"98% cotton, 2% elastane",Sustainability:Organic content:Fibers from organic farming,Care:Washing:Machine-wash your trousers inside out using a liquid detergent and at a maximum of 30°C; Wash with similar colours,Care:Handling:The spin cycle speed should not exceed 100 rpm,Care:Ironing:Iron your trousers on a moderate heat	Cotton/Elastane	
WMJE00013_BLACK	MICK ECO JEANS	color:black	Mens fitted jeans,Black denim,Slim legs,5 pockets,Button fly,Belt loops,Leather label on back	Fit:Model height:188 cm,Fit:Model wears size:30,Fit:Sizing advice:We recommend buying your usual size,Composition:Main material:"66% cotton, 33% cotton, 1% elastane"	Cotton/Elastane	
JMBS01032_DARK BLUE	PABLO SHORTS	color:dark blue	100% cotton fleece shorts,Drawstring closure,Patch pockets,Signature badge,Mid-rise waist,Straight cut	Fit:Model height:191 cm,Fit:Model wears size:M,Fit:Sizing advice:This item fits to size. Choose your usual size,Composition:Main material:100% cotton,Care:Washing:Machine-wash inside out on a 30°C delicate cycle with similar colours,Care:Ironing:"Iron inside out at a maximum of 110°C, avoiding any customised details"	Cotton	
WMJE00004_GREY	STEEVE JEANS	color:grey	Men's regular-fit grey jeans,Fitted legs,5 pockets,Button fly,Belt loops,Leather label on back	Fit:Model height:188 cm,Fit:Model wears size:30,Fit:Sizing advice:We recommend buying your usual size,Composition:Main material:"99% cotton, 1% elasthane"	Cotton/Elasthane	
WMBS00055_NATUREL	PIXEL LINEN BERMUDA	color:naturel	Men's Naturel beige washed linen Bermuda shorts,"2 side pockets, 2 buttoned pockets and ZV signature on the back",Drawstring ties at waist	Fit:Model height:186 cm,Fit:Model wears size:38,Fit:Sizing advice:We recommend buying your usual size,General:Made in:Portugal,Composition:Main material:100% linen,Care:Washing:Hand-wash or machine-wash inside out in a mesh laundry bag on a 20°C delicate cycle with a maximum spin speed of 400 rpm,Care:Drying:Air dry flat,Care:Ironing:Iron inside out at a maximum of 110°C	Linen	often_bought_with:id:WMSH00290_NATUREL
RMSH01018_DAIM	SERGY SUEDE SHIRT	color:daim	Lightweight suede shirt,Classic collar,Button fastening,2 flap pockets,Long sleeves	Fit:Model height:188 cm,Fit:Model wears size:M,Fit:Sizing advice:We recommend buying your usual size,Care:Cleaning:This garment should be cared for by a leather professional		
WMSH01355_BLACK	SLONY SHIRT	color:black	Shirt,Signature wings embroidery,V-neck,Button fastening,Patch pockets,Short sleeves is wearing a size M	Fit:Model height:188 cm,Fit:Sizing advice:This item fits 1 to size. Choose your usual size,Composition:Main material:100% viscose,Care:Washing:Machine-wash inside out on a 30°C delicate cycle with similar colours,Care:Ironing:"Iron inside out at a maximum of 150°C, or in case of customised details, at a maximum of 110°C avoiding the customised details"	Viscose	
WMSH00290_NATUREL	STAN LINEN SHIRT	color:naturel	Men's Naturel beige linen structured shirt,Shirt collar and button closure,ZV signature,Long sleeves and buttoned cuffs	Fit:Model height:186 cm,Fit:Model wears size:M,Fit:Sizing advice:We recommend buying your usual size,General:Made in:Portugal,Composition:Main material:100% linen,Care:Washing:Hand-wash or machine-wash inside out in a mesh laundry bag on a 20°C delicate cycle with a maximum spin speed of 400 rpm,Care:Drying:Air dry flat,Care:Ironing:Iron inside out at a maximum of 110°C	Linen	often_bought_with:id:WMBS00055_NATUREL
KMSW01811_CREAM	TEISS 100% CASHMERE SWEATER	color:cream	Jumper in 100% cashmere,Round neck,Long sleeves	Fit:Model height:189 cm,Fit:Model wears size:M,Fit:Sizing advice:This item fits to size. Choose your usual size,Composition:Main material:100% cashmere,Care:Washing:Hand-wash or machine-wash on a 20°C wool cycle with a maximum spin speed of 400 rpm; Do not wring,Care:Drying:Air dry flat,Care:Ironing:"Iron inside out at a maximum of 110°C, avoiding any customised details"	Cashmere	
KMCA01283_OLIVE	CLASH CARDIGAN	color:olive	Classic collar,Hood,Zip fastening,Two pockets,Long sleeves	Fit:Model height:188 cm,Fit:Model wears size:M,Fit:Sizing advice:This item fits to size. Choose your usual size,Composition:Main material:100% merino wool,Care:Washing:Hand-wash or machine-wash on a 20°C wool cycle with a maximum spin speed of 400 rpm; Do not wring,Care:Drying:Air dry flat,Care:Ironing:"Iron inside out at a maximum of 110°C, avoiding any customised details"	Merino wool	
KMCA01290_SIXTINE	CLASH CARDIGAN	color:sixtine	Wool and cashmere cardigan,Rock&Roll embroidery,Round neckline,Hood,Zip fastening,Two pockets,Long sleeves	Fit:Model height:188 cm,Fit:Model wears size:M,Fit:Sizing advice:This item fits to size. Choose your usual size,Composition:Main material:"90% merino wool, 10% cashmere",Care:Washing:Hand-wash or machine-wash on a 20°C wool cycle with a maximum spin speed of 400 rpm; Do not wring,Care:Drying:Air dry flat,Care:Ironing:"Iron inside out at a maximum of 110°C, avoiding any customised details"	Merino wool/Cashmere	
KMSW01719_STORM	VEISS LINEN JUMPER	color:storm	Fine knit sweater,Buttoned round neck,"Long sleeves, ZV signature and raw edges Th"	Fit:Sizing advice:We recommend buying your usual size,Composition:Main material:"50% linen, 36% cotton, 14% polyamide",Sustainability:Organic content:Fibers from organic farming,Care:Washing:Hand-wash or machine-wash on a 20°C wool cycle with a maximum spin speed of 400 rpm; Do not wring,Care:Drying:Air dry flat,Care:Ironing:"Iron inside out at a maximum of 110°C, avoiding any customised details"	Linen/Cotton/Polyamide	
KMCA01273_DARK BLUE	CLASH CARDIGAN	color:dark blue	Wool and cashmere cardigan,Hood with drawstring,Zip closure,Patch pockets,Long sleeves,Regular fit	Fit:Model height:187 cm,Fit:Model wears size:M,Fit:Sizing advice:This item fits to size. Choose your usual size,Composition:Main material:"90% wool, 10% cashmere",Care:Washing:Hand-wash or machine-wash on a 20°C wool cycle with a maximum spin speed of 400 rpm; Do not wring,Care:Drying:Air dry flat,Care:Ironing:"Iron inside out at a maximum of 110°C, avoiding any customised details"	Wool/Cashmere	
KMSW01772_DARK BLUE	DIMI SWEATER 100% CASHMERE	color:dark blue	Mini ZV purse in ecru grained leather for women,Love Tag print and wings embellished with silver rhinestones,Zip closure,2 gussets	Dimensions:Measurements:11 x 8.5 x 2 cm,Composition:Main material:100% cashmere,Care:Handling:"Protect your leather item from humidity and any source of heat (radiator, sun)",Care:Handling:Avoid your item coming into contact with water,Care:Handling:Ensure you wear your item with similar colours,Care:Handling:Avoid overfilling your bag to ensure its durability,Care:Cleaning:"Regularly care for your leather item using a colourless nourishing cream for leather, suitable for leather goods",Care:Cleaning:"In case of stains, contact a leather professional"	Cashmere	
PWGMN1108H_DARK BLUE	MONASTIR SWEATER	color:dark blue	Men's navy blue T-shirt,Woolmark,Long sleeves	Fit:Model height:179 cm,Sustainability:Responsible sourcing:Certified merino wool,Composition:Main material:100% wool,Care:Washing:Hand or machine wash your knitwear at 20°C in a pillowcase or washing bag; Do not use fabric softener or leave your knit soaking in water,Care:Handling:The spin speed must not exceed 400 rpm,Care:Drying:Dry flat on a towel away from direct sunlight and heat	Wool	
KMSW01850_DARK BLUE	SWONNY BLASON SWEATER	color:dark blue	Jumper in 100% wool,Crest print on the front,Crew neck,Long sleeves is wearing a size M	Fit:Model height:188 cm,Fit:Sizing advice:"This item has a loose fit. For a more fitted look, choose one size down from your usual size",Composition:Main material:100% merino wool,Care:Washing:Hand-wash or machine-wash on a 20°C wool cycle with a maximum spin speed of 400 rpm; Do not wring,Care:Drying:Air dry flat,Care:Ironing:"Iron inside out at a maximum of 110°C, avoiding any customised details"	Merino wool	
KMCA01262_BLACK	CLASH CARDIGAN MERINOS WOOL	color:black	Cardigan in 100% merino wool,Zip closure,Drawstring hood,Two pockets,"Long sleeves, double cuffs and ribbed edges"	Fit:Model height:188 cm,Fit:Model wears size:M,Fit:Sizing advice:We recommend buying your usual size,Composition:Main material:100% merino wool,Care:Washing:Hand-wash or machine-wash on a 20°C wool cycle with a maximum spin speed of 400 rpm; Do not wring,Care:Drying:Air dry flat,Care:Ironing:"Iron inside out at a maximum of 110°C, avoiding any customised details"	Merino wool	often_bought_with:id:JMTS01663_WHITE,often_bought_with:id:SMSN00093_BLACK
KMCA01262_USED KAKI	CLASH CARDIGAN MERINOS WOOL	color:used kaki	Cardigan in 100% merino wool,Zip closure,Drawstring hood,Two pockets,"Long sleeves, double cuffs and ribbed edges"	Fit:Model height:188 cm,Fit:Model wears size:M,Fit:Sizing advice:We recommend buying your usual size,Composition:Main material:100% merino wool,Care:Washing:Hand-wash or machine-wash on a 20°C wool cycle with a maximum spin speed of 400 rpm; Do not wring,Care:Drying:Air dry flat,Care:Ironing:"Iron inside out at a maximum of 110°C, avoiding any customised details"	Merino wool	
KMCA01262_DARK BLUE	CLASH CARDIGAN MERINOS WOOL	color:dark blue	Cardigan in 100% merino wool,Zip closure,Drawstring hood,Two pockets,"Long sleeves, double cuffs and ribbed edges"	Fit:Model height:188 cm,Fit:Model wears size:M,Fit:Sizing advice:We recommend buying your usual size,Composition:Main material:100% merino wool,Care:Washing:Hand-wash or machine-wash on a 20°C wool cycle with a maximum spin speed of 400 rpm; Do not wring,Care:Drying:Air dry flat,Care:Ironing:"Iron inside out at a maximum of 110°C, avoiding any customised details"	Merino wool	
KMCA01280_LATTE	CLASH CARDIGAN	color:latte	Jacquard pattern,Hood,Zip fastening,Two pockets,Long sleeves	Fit:Model height:188 cm,Fit:Model wears size:M,Fit:Sizing advice:This item fits to size. Choose your usual size,Composition:Main material:"90% merino wool, 10% cashmere",Care:Washing:Hand-wash or machine-wash on a 20°C wool cycle with a maximum spin speed of 400 rpm; Do not wring,Care:Drying:Air dry flat,Care:Ironing:"Iron inside out at a maximum of 110°C, avoiding any customised details"	Merino wool/Cashmere	
KMSW00636_BLACK	VEISS LINEN JUMPER	color:black	Men's black jumper,Round neckline with 3 buttons,"Long sleeves, pointelle ZV signature and raw edges"	Fit:Model height:186 cm,Fit:Model wears size:M,Fit:Sizing advice:We recommend buying your usual size,Composition:Main material:"50% linen, 36% cotton, 14% polyamide",Sustainability:Organic content:Textile made with 36% organic fibers,Care:Washing:Hand-wash or machine-wash on a 20°C wool cycle with a maximum spin speed of 400 rpm; Do not wring,Care:Drying:Air dry flat,Care:Ironing:"Iron inside out at a maximum of 110°C, avoiding any customised details"	Linen/Cotton/Polyamide	
KMCA00227_BLACK	CASHTON CARDIGAN	color:black	Men's black 100% wool cardigan,Round neckline and zip fastening,2 pockets,Long sleeves and ribbed hems,ZV signature /L	Fit:Model height:188 cm,Fit:Model wears size:M,Fit:Sizing advice:We recommend buying your usual size,Composition:Main material:100% wool,Care:Washing:Hand-wash or machine-wash on a 20°C wool cycle with a maximum spin speed of 400 rpm; Do not wring,Care:Drying:Air dry flat,Care:Ironing:"Iron inside out at a maximum of 110°C, avoiding any customised details"	Wool	
KMCA01269_BLACK	REMI CARDIGAN 100% MERINO WOOL	color:black	Cardigan in 100% merino wool,Embroidery on the collar,V-neck with buttons,Button closure,Long sleeves	Fit:Model height:191 cm,Fit:Model wears size:M,Fit:Sizing advice:This item fits to size. Choose your usual size,Composition:Main material:100% merino wool,Care:Washing:Hand-wash or machine-wash on a 20°C wool cycle with a maximum spin speed of 400 rpm; Do not wring,Care:Drying:Air dry flat,Care:Ironing:"Iron inside out at a maximum of 110°C, avoiding any customised details"	Merino wool	
KMSW01814_OFF WHITE	KENNEDY JUMPER	color:off white	Wool and cashmere jumper,Round neckline,Long sleeves	Fit:Sizing advice:This item fits to size. Choose your usual size,Composition:Main material:"90% wool, 10% cashmere",Care:Washing:Hand-wash or machine-wash on a 20°C wool cycle with a maximum spin speed of 400 rpm; Do not wring,Care:Drying:Air dry flat,Care:Ironing:"Iron inside out at a maximum of 110°C, avoiding any customised details"	Wool/Cashmere	
KMSW01848_HEATHER GREY	SWONNY SWEATER	color:heather grey	Merino wool and cashmere jumper,Crew neck,Long sleeves is wearing a size S-M	Fit:Model height:188 cm,Fit:Sizing advice:"This item has a loose fit. For a more fitted look, choose one size down from your usual size",Composition:Main material:"90% wool, 10% cashmere",Care:Washing:Hand-wash or machine-wash on a 20°C wool cycle with a maximum spin speed of 400 rpm; Do not wring,Care:Drying:Air dry flat,Care:Ironing:"Iron inside out at a maximum of 110°C, avoiding any customised details"	Wool/Cashmere	
KMSW00711_BLACK	MARKO SWEATER	color:black	Men's black merino 100% wool jumper,Details and distressed hems,Round neckline,Long sleeves and ribbed hems,Pointelle ZV signature	Fit:Model height:188 cm,Fit:Model wears size:M,Fit:Sizing advice:We recommend buying your usual size,Composition:Main material:100% wool,Care:Washing:Hand-wash or machine-wash on a 20°C wool cycle with a maximum spin speed of 400 rpm; Do not wring,Care:Drying:Air dry flat,Care:Ironing:"Iron inside out at a maximum of 110°C, avoiding any customised details"	Wool	
JMSS01349_SIXTINE	AIME SWEATSHIRT	color:sixtine	100% cotton sweatshirt,Back crest,Crew neck,Long sleeves	Fit:Model height:188 cm,Fit:Model wears size:M,Fit:Sizing advice:This item fits 1 to size. Choose your usual size,Composition:Main material:100% cotton,Sustainability:Organic content:Cotton fibers from organic farming,Care:Washing:Machine-wash inside out on a 30°C delicate cycle with similar colours,Care:Ironing:"Iron inside out at a maximum of 110°C, avoiding any customised details"	Cotton	
JMSS01329_LATTE	AIME SWEATSHIRT	color:latte	Sweatshirt in 100% cotton,Customisation on the back,Round neck,Long sleeves	Fit:Model height:188 cm,Fit:Model wears size:M,Fit:Sizing advice:This item fits to size. Choose your usual size,Composition:Main material:100% cotton,Care:Washing:Machine-wash inside out on a 30°C delicate cycle with similar colours,Care:Ironing:"Iron inside out at a maximum of 110°C, avoiding any customised details"	Cotton	
JMSS01308_DARK CHOCOLATE	STONY SWEATSHIRT	color:dark chocolate	Sweatshirt in 100% cotton,Round neck,Long sleeves,Chevron ribbed cuffs	Fit:Model height:189 cm,Fit:Model wears size:M,Fit:Sizing advice:This item fits to size. Choose your usual size,Composition:Main material:100% cotton,Care:Washing:Machine-wash inside out on a 30°C delicate cycle with similar colours,Care:Ironing:"Iron inside out at a maximum of 110°C, avoiding any customised details"	Cotton	
JMSS01333_CARBONE	AIME SWEATSHIRT	color:carbone	Cotton sweatshirt,Crew neck,Long sleeves is wearing a size M	Fit:Model height:188 cm,Fit:Sizing advice:This item fits to size. Choose your usual size,Composition:Main material:"81% cotton, 19% polyester",Care:Washing:Machine-wash inside out on a 30°C delicate cycle with similar colours,Care:Ironing:"Iron inside out at a maximum of 110°C, avoiding any customised details"	Cotton/Polyester	
JMSS01336_CARBONE	GEORGIO BLASON SWEATSHIRT	color:carbone	100% cotton sweatshirt,Back embroidery and patch,Hood,Long sleeves,Front pocket is wearing a size M	Fit:Model height:188 cm,Fit:Sizing advice:This item fits 1 to size. Choose your usual size,Composition:Main material:100% cotton,Care:Washing:Machine-wash inside out on a 30°C delicate cycle with similar colours,Care:Ironing:"Iron inside out at a maximum of 110°C, avoiding any customised details"	Cotton	
JMSS01321_DARK BLUE	GEORGIO SWEATSHIRT	color:dark blue	Hood,Front pocket,Long raglan sleeves,Regular fit	Fit:Model height:191 cm,Fit:Model wears size:M,Fit:Sizing advice:This item fits to size. Choose your usual size,Composition:Main material:100% cotton,Care:Washing:Machine-wash inside out on a 30°C delicate cycle with similar colours,Care:Ironing:"Iron inside out at a maximum of 110°C, avoiding any customised details"	Cotton	often_bought_with:id:WMJE01201_BRUT
JMSS01321_HEATHER GREY	GEORGIO SWEATSHIRT	color:heather grey	Hood,Front pocket,Long raglan sleeves,Regular fit	Fit:Model height:191 cm,Fit:Model wears size:M,Fit:Sizing advice:This item fits to size. Choose your usual size,Composition:Main material:100% cotton,Care:Washing:Machine-wash inside out on a 30°C delicate cycle with similar colours,Care:Ironing:"Iron inside out at a maximum of 110°C, avoiding any customised details"	Cotton	
JMSS01328_DARK BLUE	GEORGIO SWEATSHIRT	color:dark blue	Cotton sweatshirt,Prints on the sleeve and back,Hood,Front pocket,Long sleeves	Fit:Model height:188 cm,Fit:Model wears size:M,Fit:Sizing advice:This item fits to size. Choose your usual size,Composition:Main material:"81% cotton, 19% polyester",Sustainability:Organic content:Cotton fibers from organic farming,Sustainability:Recycled content:Recycled polyester fibers,Care:Washing:Machine-wash inside out on a 30°C delicate cycle with similar colours,Care:Ironing:"Iron inside out at a maximum of 110°C, avoiding any customised details"	Cotton/Polyester	
JMSS01342_TILLEUL	MOYAZ SWEATSHIRT	color:tilleul	100% cotton sweatshirt,ZV badge at front,Trucker collar,Zip closure,Long sleeves is wearing a size M	Fit:Model height:188 cm,Fit:Sizing advice:This item fits 1 to size. Choose your usual size,Composition:Main material:100% cotton,Care:Washing:Machine-wash inside out on a 30°C delicate cycle with similar colours,Care:Ironing:"Iron inside out at a maximum of 110°C, avoiding any customised details"	Cotton	
JMSS01320_BLACK	AIME SWEATSHIRT	color:black	Sweatshirt,Front and back customisations,Round neckline,Long sleeves,Regular fit	Fit:Model height:191 cm,Fit:Model wears size:M,Fit:Sizing advice:This item fits to size. Choose your usual size,Composition:Main material:"62% cotton, 19% polyester, 19% cotton",Sustainability:Organic content:Cotton fibers from organic farming,Sustainability:Recycled content:Recycled polyester fibers,Sustainability:Recycled content:Recycled cotton fibers,Care:Washing:Machine-wash inside out on a 30°C delicate cycle with similar colours,Care:Ironing:"Iron inside out at a maximum of 110°C, avoiding any customised details"	Cotton/Polyester	
JMSS01334_BLACK	GEORGY SWEATSHIRT	color:black	Sweatshirt,Embroidery at the front and back,Hood,Crew neck,Long sleeves	Fit:Model height:187 cm,Fit:Model wears size:M,Fit:Sizing advice:This item fits to size. Choose your usual size,Composition:Main material:"65% cotton, 35% polyester",Sustainability:Organic content:Cotton fibers from organic farming,Sustainability:Recycled content:Recycled polyester fibers,Care:Washing:Machine-wash inside out on a 30°C delicate cycle with similar colours,Care:Ironing:"Iron inside out at a maximum of 110°C, avoiding any customised details"	Cotton/Polyester	
JMSS01302_HEATHER GREY	SANCHI SWEATSHIRT	color:heather grey	Men's gray organic cotton fleece sweatshirt,Hood and front pocket,Long sleeves and ribbed edges	Fit:Model height:184 cm,Fit:Model wears size:M,Composition:Main material:100% cotton,Care:Washing:Machine-wash inside out on a 30°C delicate cycle with similar colours,Care:Ironing:"Iron inside out at a maximum of 110°C, avoiding any customised details"	Cotton	
JMSS01322_HEATHER GREY	UPPY SWEATSHIRT	color:heather grey	Sweatshirt in 100% cotton,Round neck,Long sleeves	Fit:Model height:191 cm,Fit:Model wears size:M,Fit:Sizing advice:This item fits to size. Choose your usual size,Composition:Main material:100% cotton,Care:Washing:Machine-wash inside out on a 30°C delicate cycle with similar colours,Care:Ironing:"Iron inside out at a maximum of 110°C, avoiding any customised details"	Cotton	
JMTS01778_JUDO	TOMMY T-SHIRT	color:judo	T-shirt in cotton and linen,ZV print at front and back,Crew neck,Short sleeves	Fit:Model height:187 cm,Fit:Model wears size:M,Fit:Sizing advice:This item fits to size. Choose your usual size,Composition:Main material:"70% cotton, 30% linen",Care:Washing:Machine-wash inside out on a 30°C delicate cycle; Do not bleach and do not tumble dry,Care:Ironing:"Iron inside out at a maximum of 150°C, avoiding any customised details"	Cotton/Linen	
JMTN01658_JUDO	MONASTIR LINEN TEE	color:judo	Henley t-shirt in cotton and linen,Signature wing detail on the sleeve,Henley placket with 5 buttons,Short sleeves	Fit:Model height:187 cm,Fit:Model wears size:M,Fit:Sizing advice:This item fits to size. Choose your usual size,Composition:Main material:"70% cotton, 30% linen",Care:Washing:Machine-wash inside out on a 30°C delicate cycle; Do not bleach and do not tumble dry,Care:Ironing:"Iron inside out at a maximum of 150°C, avoiding any customised details"	Cotton/Linen	
JMTN01659_SIXTINE	MONASTIR HENLEY T-SHIRT	color:sixtine	Henley t-shirt in cotton and linen,Signature wing detail on sleeve,Henley collar with 5 buttons,Short sleeves	Fit:Model height:187 cm,Fit:Model wears size:M,Fit:Sizing advice:This item fits to size. Choose your usual size,Composition:Main material:"70% cotton, 30% linen",Care:Washing:Machine-wash inside out on a 30°C delicate cycle; Do not bleach and do not tumble dry,Care:Ironing:"Iron inside out at a maximum of 150°C, avoiding any customised details"	Cotton/Linen	
JMTS01751_CARBONE	TORRY T-SHIRT	color:carbone	T-shirt in 100% cotton,Snake prints on the front,Round neck,Short sleeves	Fit:Model height:188 cm,Fit:Model wears size:M,Fit:Sizing advice:This item fits to size. Choose your usual size,Composition:Main material:100% cotton,Care:Washing:Machine-wash inside out on a 30°C delicate cycle with similar colours,Care:Ironing:"Iron inside out at a maximum of 110°C, avoiding any customised details"	Cotton	
JMTN01648_JUDO	HENLEY T-SHIRT MONASTIR	color:judo	Henley T-shirt in 100% cotton,Crest print at back,Henley collar with 5 buttons,Short sleeves	Fit:Model height:188 cm,Fit:Model wears size:M,Fit:Sizing advice:This item fits 1 to size. Choose your usual size,Composition:Main material:100% cotton,Care:Washing:Machine-wash inside out on a 30°C delicate cycle with similar colours,Care:Ironing:"Iron inside out at a maximum of 110°C, avoiding any customised details"	Cotton	
JMTN01660_CARBONE	MONASTIR T-SHIRT	color:carbone	Henley t-shirt in 100% cotton,Skull flock print on the back,Tunisian collar with 5 buttons,Long sleeves,Straight fit	Fit:Model height:188 cm,Fit:Model wears size:M,Fit:Sizing advice:This item fits to size. Choose your usual size,Composition:Main material:100% cotton,Care:Washing:Machine-wash inside out on a 30°C delicate cycle with similar colours,Care:Ironing:"Iron inside out at a maximum of 110°C, avoiding any customised details"	Cotton	
JMTS01771_CARBONE	T-SHIRT TEDDYX	color:carbone	T-shirt in 100% cotton,Customisation with back patch,Round neckline,Short sleeves,Oversized cut	Fit:Model height:188 cm,Fit:Model wears size:M,Fit:Sizing advice:"This item has a loose fit. For a more fitted look, choose one size down from your usual size",Composition:Main material:100% cotton,Care:Washing:Machine-wash inside out on a 30°C delicate cycle with similar colours,Care:Ironing:"Iron inside out at a maximum of 110°C, avoiding any customised details"	Cotton	
JMTS01771_SIXTINE	T-SHIRT TEDDYX	color:sixtine	T-shirt in 100% cotton,Customisation with back patch,Round neckline,Short sleeves,Oversized cut	Fit:Model height:188 cm,Fit:Model wears size:M,Fit:Sizing advice:"This item has a loose fit. For a more fitted look, choose one size down from your usual size",Composition:Main material:100% cotton,Care:Washing:Machine-wash inside out on a 30°C delicate cycle with similar colours,Care:Ironing:"Iron inside out at a maximum of 110°C, avoiding any customised details"	Cotton	
JMTN01663_CARBONE	MONSATIR HENLEY T-SHIRT	color:carbone	Henley t-shirt in 100% cotton,Front print,Tunisian collar with 5 buttons,Long sleeves Choose your usual size	Composition:Main material:100% cotton,Care:Washing:Machine-wash inside out on a 30°C delicate cycle with similar colours,Care:Ironing:"Iron inside out at a maximum of 110°C, avoiding any customised details"	Cotton	
JMTS01759_STORM	WOODY T-SHIRT	color:storm	T-shirt in 100% cotton,Crest print at the front,Crew neck,Short sleeves,Contrast binding	Fit:Model height:188 cm,Fit:Model wears size:M,Fit:Sizing advice:This item fits 1 to size. Choose your usual size,Composition:Main material:100% cotton,Sustainability:Organic content:Cotton fibers from organic farming,Care:Washing:Machine-wash inside out on a 30°C delicate cycle with similar colours,Care:Ironing:"Iron inside out at a maximum of 110°C, avoiding any customised details"	Cotton	
JMTS01776_DARK BLUE	TIMO T-SHIRT	color:dark blue	100% cotton t-shirt,Stripes,Crew neck,Long sleeves with Zadig&Voltaire detail	Fit:Model height:188 cm,Fit:Model wears size:M,Fit:Sizing advice:This item fits 1 to size. Choose your usual size,Composition:Main material:100% cotton,Sustainability:Organic content:Cotton fibers from organic farming,Care:Washing:Machine-wash inside out on a 30°C delicate cycle with similar colours,Care:Ironing:"Iron inside out at a maximum of 110°C, avoiding any customised details"	Cotton	
JMTS01776_TILLEUL	TIMO T-SHIRT	color:tilleul	100% cotton t-shirt,Stripes,Crew neck,Long sleeves with Zadig&Voltaire detail	Fit:Model height:188 cm,Fit:Model wears size:M,Fit:Sizing advice:This item fits 1 to size. Choose your usual size,Composition:Main material:100% cotton,Sustainability:Organic content:Cotton fibers from organic farming,Care:Washing:Machine-wash inside out on a 30°C delicate cycle with similar colours,Care:Ironing:"Iron inside out at a maximum of 110°C, avoiding any customised details"	Cotton	
JMTS01761_DARK BLUE	TOMMY T-SHIRT	color:dark blue	100% cotton t-shirt,Flocked back print,Crew neck,Short sleeves	Fit:Model height:187 cm,Fit:Model wears size:M,Fit:Sizing advice:This item fits to size. Choose your usual size,Composition:Main material:100% cotton,Sustainability:Organic content:Cotton fibers from organic farming,Care:Washing:Machine-wash inside out on a 30°C delicate cycle with similar colours,Care:Ironing:"Iron inside out at a maximum of 110°C, avoiding any customised details"	Cotton	
JMTS01761_JUDO	TOMMY T-SHIRT	color:judo	100% cotton t-shirt,Flocked back print,Crew neck,Short sleeves	Fit:Model height:187 cm,Fit:Model wears size:M,Fit:Sizing advice:This item fits to size. Choose your usual size,Composition:Main material:100% cotton,Sustainability:Organic content:Cotton fibers from organic farming,Care:Washing:Machine-wash inside out on a 30°C delicate cycle with similar colours,Care:Ironing:"Iron inside out at a maximum of 110°C, avoiding any customised details"	Cotton	
JMTS00023_DARK BLUE	STOCKHOLM T-SHIRT	color:dark blue	T-shirt,Contrasting skull print on the back,Round neck,Short sleeves,Regular fit	Fit:Model height:186 cm,Fit:Model wears size:M,Fit:Sizing advice:We recommend sizing up one size,Composition:Main material:100% cotton	Cotton	
JMTS01752_BLACK	WOODY T-SHIRT	color:black	T-shirt in 100% cotton,Round neckline,Short sleeves,Contrasting bias trim	Fit:Model height:188 cm,Fit:Model wears size:M,Fit:Sizing advice:This item fits to size. Choose your usual size,Composition:Main material:100% cotton,Care:Washing:Machine-wash inside out on a 30°C delicate cycle with similar colours,Care:Ironing:"Iron inside out at a maximum of 110°C, avoiding any customised details"	Cotton	
JMTS01779_JUDO	TOMMY T-SHIRT	color:judo	T-shirt in 100% cotton,Embroidery on front and back,Round neckline,Long sleeves and is wearing a size M	Fit:Model height:188 cm,Fit:Sizing advice:This item fits to size. Choose your usual size,Composition:Main material:100% cotton,Care:Washing:Machine-wash inside out on a 30°C delicate cycle with similar colours,Care:Ironing:"Iron inside out at a maximum of 110°C, avoiding any customised details"	Cotton	
JMTS01726_BLACK	TEDDY T-SHIRT	color:black	Oversized T-shirt in black Encre organic cotton for men,Round neckline,Short sleeves	Fit:Model height:184 cm,Fit:Model wears size:M,General:Made in:Portugal,Composition:Main material:100% cotton,Care:Washing:Machine-wash inside out on a 30°C delicate cycle with similar colours,Care:Ironing:"Iron inside out at a maximum of 110°C, avoiding any customised details"	Cotton	
JMTS01708_BLACK	STOCKHOLM T-SHIRT	color:black	Organic slub cotton T-shirt,Flocked Skull Block print on the back,Crew neck,Patch chest pocket	Fit:Model height:188 cm,Fit:Sizing advice:We recommend buying your usual size,Composition:Main material:100% cotton,Care:Washing:Machine-wash inside out on a 86'F delicate cycle with similar colors,Care:Ironing:"Iron inside out at a maximum of 230'F, avoiding any customized details"	Cotton	
JMTN01643_HEATHER GREY	MONSATIR HENLEY T-SHIRT	color:heather grey	Henley t-shirt in 100% cotton,Tunisian collar with 5 buttons,Long sleeves Choose your usual size	Fit:Model height:188 cm,Fit:Model wears size:M,Composition:Main material:100% cotton,Care:Washing:Machine-wash inside out on a 30°C delicate cycle with similar colours,Care:Ironing:"Iron inside out at a maximum of 110°C, avoiding any customised details"	Cotton	
JMTS01743_DARK BLUE	TOMMY T-SHIRT	color:dark blue	T-shirt in 100% cotton,Round neckline,Short sleeves,Regular fit	Fit:Model height:191 cm,Fit:Model wears size:M,Fit:Sizing advice:This item fits to size. Choose your usual size,Composition:Main material:100% cotton	Cotton	
JMTS01743_HEATHER GREY	TOMMY T-SHIRT	color:heather grey	T-shirt in 100% cotton,Round neckline,Short sleeves,Regular fit	Fit:Model height:191 cm,Fit:Model wears size:M,Fit:Sizing advice:This item fits to size. Choose your usual size,Composition:Main material:100% cotton	Cotton	
JMTS01663_WHITE	TOMMY T-SHIRT	color:white	Encre navy blue organic cotton T-shirt for men,Crew neck,Short sleeves	Fit:Model height:184 cm,Fit:Model wears size:M,Composition:Main material:100% cotton,Care:Washing:Machine-wash inside out on a 30°C delicate cycle with similar colours,Care:Ironing:"Iron inside out at a maximum of 110°C, avoiding any customised details"	Cotton	
PWJTR7402H_DARK BLUE	MONASTIR ML TEE	color:dark blue				
PWJTR7402H_JUDO	MONASTIR ML TEE	color:judo				
PWJTR7402H_BLACK	MONASTIR ML TEE	color:black				
PWJTR7401H_DARK BLUE	MONASTIR MC T-SHIRT	color:dark blue	Men's Monastir Henley T-shirt in black organic cotton,5-button Henley collar,Short sleeves,Embroidery on the sleeve	Fit:Model height:186 cm,Fit:Model wears size:M,Composition:Main material:100% cotton,Care:Washing:"Wash your T-shirt inside out, in a mesh laundry bag, for a delicate wash at a maximum of 30",Care:Handling:C and 800 rpm	Cotton	
PWJTR7402H_GREY MELANGE	MONASTIR ML TEE	color:grey melange				
PWJTR7401H_JUDO	MONASTIR MC T-SHIRT	color:judo	Men's Monastir Henley T-shirt in black organic cotton,5-button Henley collar,Short sleeves,Embroidery on the sleeve	Fit:Model height:186 cm,Fit:Model wears size:M,Composition:Main material:100% cotton,Care:Washing:"Wash your T-shirt inside out, in a mesh laundry bag, for a delicate wash at a maximum of 30",Care:Handling:C and 800 rpm	Cotton	
PWJTR7401H_BLACK	MONASTIR MC T-SHIRT	color:black	Men's Monastir Henley T-shirt in black organic cotton,5-button Henley collar,Short sleeves,Embroidery on the sleeve	Fit:Model height:186 cm,Fit:Model wears size:M,Composition:Main material:100% cotton,Care:Washing:"Wash your T-shirt inside out, in a mesh laundry bag, for a delicate wash at a maximum of 30",Care:Handling:C and 800 rpm	Cotton	
